response_length,sentiment_score,topic_coherence,latency_ms,session_duration,quality_label
130.6650977914051,-0.9153077720025904,0.7268655910885076,687.9306564807239,12.59743291079471,low
83.60055628158266,-0.11012447794598756,0.7662216203601202,996.9188844907129,11.61752433313363,low
146.265791853226,0.0939755751564364,0.7695630590193393,645.935047235743,16.72896068030797,high
152.91976507369247,-0.706513533584695,0.8590273935926906,983.3678781534812,20.051916316529834,high
51.71376839711573,-0.3274283391452766,0.9072246362476293,953.4602335354588,13.82580136165693,low
74.42371725981887,0.9752948955129235,0.8461304105431525,802.649333048376,9.213477914535058,high
124.474414110855,-0.9675390873150571,0.655572914658828,991.4528930217067,14.586897509388276,low
108.93150926797462,-0.09498413695123187,0.8127603537526084,478.05251742291205,12.037211693281892,low
119.41195948734989,0.6853092434363923,0.8401821655831558,890.7405303312465,11.039498984874006,high
90.1434625349247,-0.35219747456142314,0.7901873403500039,734.3086538333171,8.553595515280753,low
150.778929120199,-0.04040299448969331,0.6110377971680933,1565.5658943211304,10.143119843111972,low
147.2227177400132,0.95609149157596,0.8824218592434798,888.956267410052,11.28883595490469,high
122.31107441464256,-0.05024632704859222,0.7191039806699447,700.9019875541408,15.216385568661794,high
159.45344224388114,-0.7381573757070019,0.8681553062278015,505.42456598672953,14.044102321631465,high
136.3628269788216,-0.8965570166672179,0.5857527041582455,1176.3515491985665,19.302304571713982,low
89.92476379908666,0.890833144879897,0.7689310179903719,762.4918201190555,14.697352295385887,high
132.90627744288747,-0.4683811734498686,0.8718062586462535,652.1619832311452,13.697179698249442,low
86.43910897098503,0.008127813129101824,0.9177629882160334,934.0748035022649,10.775078538109703,low
150.74576054575454,-0.8185964678200628,0.7564400787972981,1012.4297078514134,7.850148072613157,low
118.25259311548115,-0.15268975889878988,0.8899542955582178,1008.4882333023822,9.720426232587426,high
113.52981727591587,0.8602110385002482,0.8711572719872421,854.9376057648404,9.20064534895229,high
96.16746594586205,0.004825987261876774,0.9239776958429632,889.7975342216799,1.7563727282727761,low
162.78894685359106,0.9422703036046558,0.7495802015646391,908.0092689201757,7.965472869703314,high
114.59146812759192,-0.4823287255252007,0.6633031126798998,934.0990664072183,18.408839045463893,low
105.00852622429124,0.00909047940787433,0.5808735112679635,956.2212989753706,13.474400851835973,low
107.67532573291196,0.7190615836186505,0.689029323434708,1123.6131878263866,10.493904578619615,high
138.6308214943672,-0.10349529089251241,0.7273628263909526,864.1037155064625,13.593919288560084,high
132.79054225274274,-0.4410252528596208,0.8447493068260402,645.7991835424095,4.186381897082502,high
134.4456414058596,0.7109507268357633,0.8617864059682684,813.9270742239914,13.128390865849696,high
135.07873510527588,-0.220221062254782,0.7614956862661469,1038.4452046837491,17.109969052589932,high
194.95766603046616,0.06144658212046816,0.8894129378754817,403.36801040378856,11.515536211642479,high
105.77547442653845,0.9530541328302913,0.4514095609304611,404.81195115700973,4.912041895005727,high
102.0715044824962,-0.6270334104882722,0.8089612950744847,1079.569030348081,10.344237860893212,low
91.51795451132428,-0.3971987265596286,0.8986772493415146,1230.030704212832,17.11704797993248,low
141.55927979014234,-0.9378607998603201,0.36146627052877633,533.6999912451316,13.034518627590677,low
159.5140302452312,-0.21632458017989453,0.5628917368748299,875.1148177082238,6.326759620825735,high
116.01183898207937,-0.5996331388302809,0.7219014716387385,750.1137217707462,21.47051671673548,low
90.59452330631152,0.3600698708157828,0.8757959469244325,784.7924719395941,6.984765935019468,low
91.14315745080661,-0.6373570824682953,0.9781315369038844,926.3827521891039,11.02830167354714,low
142.77074757386453,0.3496255048117394,0.7752387787342202,526.7824427473128,7.850455997391186,high
146.01389599212047,-0.47304914362136463,0.8051539649194461,573.1956248768997,7.855991940345596,low
139.0103993906818,-0.28956433175760043,0.8923221952371271,774.6872067696937,10.191395537059375,high
96.7071602448957,-0.302278695907205,0.8335249699324355,813.6561005264599,14.54460063938431,low
128.1256463073352,0.43350350032721874,0.6596192525589526,568.5112235789571,17.162125780878405,high
124.08400331992549,-0.06698147372331387,0.5570882455142722,1047.4119186972962,10.45532731187016,low
127.65410088551545,-0.27740220229463386,0.8946331528961841,745.6097567222416,7.959425783260302,high
150.50000722818663,0.7052454380788997,0.9252175702928966,744.5455984832887,13.914557266639232,high
127.82584420711387,0.14390125128240538,0.7557205393225447,920.6646975574752,14.03185431571675,high
143.76197470751632,-0.5723383574440044,0.941757362576809,817.7729309831252,12.961505342213801,high
122.3652674321112,0.8001825562873652,0.9737794161282807,1059.3692032264532,13.102959251626931,high
130.11917895414945,-0.3146994079327188,0.914461337485686,616.6443655498334,11.549734214625273,high
142.0950879043489,-0.9220412449253592,0.4671245443553006,500.65335073413155,12.392603418223525,low
68.99954630505168,-0.010799552051094174,0.9236665412862431,772.5531090503481,11.273395485505716,low
108.81150742749445,-0.7521238911182444,0.5261539517857201,865.0590432337532,16.28097490814849,low
103.53695709975216,-0.5230671125685149,0.5366246643581151,539.8110139756199,20.91383800282351,low
97.63927531148303,0.4942217453748221,0.8743843718520583,503.0616095749352,12.71861260682877,high
110.37002120706607,-0.7384963732473628,0.6302418788251395,895.5744455844964,11.973711008114556,low
172.32294589320387,0.6138884487080714,0.6413374261141046,660.5548581712595,13.023445462760272,high
89.69591095073649,0.8738145762619074,0.8423696566655257,486.87207074827006,9.368312796066833,high
153.88974241070184,0.2130642008158894,0.38791335030824237,1091.3353230785156,15.059913484419281,low
61.09955799344684,0.42071838404565853,0.9078219927227988,692.0513317682269,13.764705636324514,low
108.27902395049789,0.4271732198148348,0.9057433671916859,1137.4529009663395,10.318119167829238,high
125.6963572786752,0.9856159145408898,0.9656312009397793,857.1176977773567,15.608267276169913,high
140.51778159757473,-0.31692347559675427,0.8894303616413936,923.6897155138258,12.075959073381549,high
144.89293029274992,-0.674286897514595,0.8446690681456576,797.1250634757868,8.1197734461025,high
147.76715323199738,0.03833446982864297,0.7808350293789795,186.2094388635758,13.40641778169184,high
107.79462247130469,0.06649961966341644,0.5591733301768478,565.803377236574,12.947970013597304,low
103.81768725674014,-0.644175023407711,0.6649650682110076,818.5726350703189,15.841672584442499,low
150.02915584400037,0.22621883798827902,0.9449797365949397,941.1822843231762,15.326187800299396,high
113.30434862914348,-0.9717505330463521,0.855250911723837,402.58149440296984,11.563094677484953,low
75.35097868317274,0.8553368049084431,0.9152998104173485,836.5995730348847,10.111652254345877,high
80.33494750987818,-0.4708514443574767,0.8016187669824824,569.4339781964921,12.006975000231197,low
87.8191699899436,-0.9208795832196164,0.7249057901572965,908.6550412724135,13.453235518674624,low
137.40062604188174,-0.7835011170502859,0.8032857022161227,845.1498035750437,13.935017511060197,low
124.98490076246978,-0.5195021034407166,0.7247987464741876,1035.8754006073934,13.20564883254447,low
144.16698739237188,-0.45218766278790956,0.7189130576352669,1116.7057325468797,11.636952226112923,high
105.0461573782213,-0.9343800010045427,0.8732386937855694,964.7474748185073,15.987268080092896,low
125.54888918768499,-0.4412903756125417,0.29008728984287874,1065.0983972426436,9.302792423626894,low
141.89566378885678,-0.6141165270130358,0.8244855302379687,762.4143810190403,21.91761380861929,high
109.17287110979166,-0.24275814513096283,0.8014094746365187,1555.7793528167863,15.052281520615036,low
135.9871333145094,-0.22966452528806158,0.9379840749581455,545.2952258762797,7.490058387319959,high
96.8325920626672,-0.32198451879424184,0.714325498409543,718.0610555226697,12.740917323745663,low
107.2931153702225,-0.344152232938592,0.841999453955449,1075.3396456867233,15.090734072128525,low
106.63917371005849,-0.8205374445174975,0.7422416038784383,1038.1803262152482,10.602523577921161,low
78.14561240438361,-0.9495901057476757,0.8092026522637413,971.8472547855872,6.019423809693173,low
137.04403682749538,-0.5957713996870668,0.7911797874128704,1018.829664498277,7.8437442336044185,high
103.57091809290466,0.5132988548332307,0.6322990942704404,329.1107113484898,14.168371777382205,high
120.43729415546906,0.9816195311022442,0.4567283187389181,1247.3246736344586,4.981534109726514,low
136.82613306170683,0.8570523501146581,0.8078803385613567,799.0272602833462,6.202621712615911,high
135.62859116104804,0.008438711075537286,0.6984057930852225,1161.473545567713,14.147338987735704,high
143.28847881404752,0.06364771155586846,0.7188375993907409,341.61835525801104,11.109803132612681,high
116.55300804217018,-0.3708368619283149,0.7449699505641688,914.1421258702977,9.216878441580812,low
105.18455907845461,0.5478788772753125,0.89498082543293,709.1244302137878,10.021071410709867,high
117.20986261827603,0.5295133758652972,0.8949770977085747,993.0300378953258,6.116744748622722,high
60.94329481146895,0.6885447151648891,0.4617015378811794,929.2676131172115,13.937813721819781,low
69.35106346519194,0.7910091543937687,0.5292959736258787,941.5119493747945,8.773825779930219,low
73.70551356759591,-0.1313015035494085,0.7769665577082413,585.2645779421272,9.856991261664517,low
85.09636103394814,0.5337511362143952,0.7458450435851982,835.7577197953473,13.38714054634871,low
133.9920979353203,0.6127974575917572,0.4900037306679985,804.9582380176647,10.973489858183134,high
88.30823306239787,-0.3830807550044997,0.8242508960187135,973.8275104268581,9.181386761462655,low
106.76431060862136,0.8584844880122999,0.7975679550101878,1097.3242488583667,4.042246301104285,high
165.47299042251228,-0.8113169947206891,0.8802817636844287,887.6189805021537,13.46970338347126,high
107.53076101285009,0.9885383583265657,0.8539011216513283,530.9569279028503,12.315971870433607,high
145.81304489634803,0.5401814363177389,0.8159986648308711,876.894702391692,9.930450169266507,high
87.3233811996543,-0.8134581893513455,0.36968133874906917,1502.7690571023156,7.850403578132614,low
112.80968547463294,0.31245929621000124,0.9244930634781306,1261.5013317469466,12.051049914614099,high
86.74922807812966,-0.9316411781434797,0.46003178444011755,106.40010931057522,13.921887042103073,low
108.13384234348031,0.5403738988883657,0.6506324265544025,865.8357884237112,12.391035525297216,high
149.41078481100885,0.5984458433181106,0.8130528443802137,1083.029881313836,18.55226208196861,high
59.5437851882678,0.20482050618289538,0.8284289190167434,804.4182468580052,14.819098010420115,low
135.204827524105,0.713720783833141,0.5057689336228083,734.9772699640291,11.570867641303835,high
128.32074608162972,-0.8042334395702806,0.8256774783982608,783.2589462291279,14.953115024386255,low
99.2047515506122,-0.44815231591837357,0.8776926084052964,988.0473713586631,12.194649113564314,low
69.38797509640409,-0.17164495681465897,0.8308372001661173,562.8825064062478,12.180771018090617,low
122.52453276998543,-0.9150840943438034,0.8077832723305389,1147.1721629023427,17.185455189244088,low
101.46775518276692,-0.10356782485766769,0.5155038519170885,836.0017520754827,8.407768487437924,low
128.14366739741465,-0.46957308777486806,0.815648301984351,616.2439314721126,12.093238592219834,low
120.7648250933205,-0.21452997579649402,0.7827305224586373,1131.0875403496739,16.75884001059842,low
176.06226119623204,-0.14979473601538706,0.9475706739045238,463.71727372208966,13.235962232699563,high
111.62255303844415,0.7588234669753702,0.5975698684709796,711.197475749604,10.523788058524888,high
84.17758775823472,-0.4593180589447219,0.7275862070452381,707.0812336787089,5.175360938503322,low
126.27464722347106,0.7874862574325441,0.7555013805217151,1385.9854845590328,2.918612231225163,high
127.69988393901178,-0.14805807037430152,0.6949953238368978,678.7448078401393,20.30472475904299,high
167.57156513341528,-0.344384558612028,0.9521936123892577,311.25869487497374,13.234047285003246,high
149.22889360701024,0.0050240986702920765,0.8166835133152321,704.5462211802146,9.663707443654951,high
132.49048707023283,-0.16451342727432072,0.7375630945843363,963.8875868511946,13.397827556519363,high
171.21560119268466,-0.48525537388970785,0.6488373166227027,1046.0211366459012,8.209303446786599,high
78.39329309870021,0.005358649592133835,0.9014115031605903,1419.134923360693,10.675194890414936,low
97.60869635375883,-0.6963965338423375,0.7627594029991329,1201.7243927464704,8.236238428028141,low
87.56984205080663,-0.2961401139540678,0.5839311893492581,896.980648478788,6.346905661741983,low
106.35665688954812,0.13158043874818115,0.8307497435741652,627.1461331063056,3.5800602166483113,low
71.81598483552919,-0.17318351122028286,0.5104951895393313,1256.0068578368396,5.609370431084663,low
142.23028313850415,0.6478247221015929,0.8438942266749232,757.8591124184421,16.08515105574984,high
112.22220560154294,-0.4865564769296675,0.775089386139764,685.4606909463488,8.052472155159874,low
68.52177969240698,0.9395431576620201,0.8424765302030177,745.7315494614825,14.139568447211518,high
84.45473215773605,0.5694440417027027,0.6809248497854711,536.9279402757976,15.826589559380855,low
130.97298466075682,0.9351860519949444,0.8090543548754539,733.744977207256,12.06631874082983,high
149.33442987630335,0.6762731096606083,0.9398784550292556,791.7229175053961,10.805731150715717,high
189.88558120921252,-0.7157921482967147,0.5118352491519158,1032.6641514530295,12.532091682110655,high
221.98518631025652,0.05292018127002751,0.5840194202658271,752.9779162247453,10.333518533903543,high
134.50433016465988,-0.6600429576084286,0.5216445677204262,533.1351895403711,16.81563704822652,low
85.36616579888475,0.6364547052545146,0.8312674308459683,449.056961185825,19.50613549657797,high
45.37838017440418,0.1683242983665918,0.8275146783422677,902.392436880779,17.799247321483822,low
129.36990118203425,-0.47310137128618845,0.38664217555739494,868.1564633673062,3.3937470609057296,low
91.5470616641386,0.8591979440143427,0.7532463221697926,711.421822196708,10.251892964559545,high
105.46249589371101,-0.7696278933714786,0.5694927608598583,733.1358848769823,12.016636555124625,low
98.57661203290672,0.127724806942628,0.8040217565768619,947.1217331997925,13.852231841690173,low
115.07231897542651,0.4420811093334509,0.49234624703708574,1197.6365634223368,5.090741849191808,low
157.30930807756752,-0.8823029253351364,0.6622795104197872,654.9638539640031,5.026225358524138,low
125.49669986058706,0.19571206641240724,0.8823272037850647,872.2257090538582,17.22715899850157,high
114.4477807036459,0.6318024309261883,0.7832125999079728,1089.567601001331,9.763522725560883,high
83.7521186510966,-0.8649453711638933,0.6001966995445941,655.9714274506875,6.0503746461870715,low
61.3860969353475,0.024485942213254175,0.3911862451765458,846.0919713591736,7.585436769108157,low
102.97922318243342,-0.48288564370251996,0.6533554173470987,840.5010992280835,13.56189857324886,low
118.11761072135879,0.3258489030738416,0.7458925546623119,522.1761912391203,8.709809254146014,high
181.8775469752959,-0.7626452658423102,0.997489553978292,892.1246986914057,12.9665025687362,high
124.559608251551,0.8741028613410138,0.8913597625399557,857.8861696511078,8.085090549013985,high
154.39588288580703,0.7894571634294636,0.67912814941352,988.7710623990145,5.023199490463918,high
102.52465405112967,-0.6280511602485817,0.9063004960613295,553.2783813348219,17.697520652885295,high
78.52696817540414,-0.35346823126979077,0.7478147552991635,852.4925963153062,13.592759645155903,low
86.22091332186699,0.17526994930608608,0.7917568715219179,1195.433515913952,10.664996555047535,high
94.61708774124864,0.4361246732685009,0.9524863054237098,1369.3749579780717,9.914553113273563,high
194.49644063523075,-0.11468796967948358,0.4843957092356417,1170.0323172429023,17.859601476300938,high
91.25146622714648,-0.6874173560780499,0.6506282342666051,555.7321235874394,14.366120182114901,low
149.34712213077208,-0.7916970123942568,0.7615980670349642,962.7631705109065,16.587252126543035,high
88.39754876695407,0.9995306738286878,0.8536487335728742,729.2133562597215,9.6652292900432,high
152.60505545059854,-0.08929575711302551,0.7565273034398114,920.9751482824803,12.202666160718314,low
133.47328381370522,0.7450634982969964,0.8734524564347936,656.945823555769,13.608795663986127,high
114.51767358196683,-0.035247990741771096,0.9167827794469511,421.631639536925,9.799723562744635,high
118.57331158525982,0.8447152770920066,0.9316448542503464,763.8706903250418,11.61787156398544,high
97.08243065997134,-0.8244812344568988,0.7898516540579525,1030.6506741525038,9.665558640467,low
135.61252705187283,-0.7719616173308981,0.752305354129728,921.9999388684528,13.596236790008868,low
104.0755781880727,0.8592643754484486,0.9092509838688684,950.7369649785884,6.7144233445976775,high
77.10379826814632,0.8949860900895699,0.7838134194831938,904.0875807448444,14.287880076988232,high
75.27218489881332,-0.3705651050692733,0.7954154854904881,951.1318687114277,13.242852806971644,low
126.04057712027418,-0.28967022601225634,0.7777824917398223,982.3779397716755,11.186765885970711,low
175.26819397436523,-0.09509953033048402,0.8519134931308864,781.3296427613454,13.798068582608334,high
125.59970647507033,-0.16767663986541836,0.6987923379705743,870.7226403549041,10.540238145068091,high
115.84765858615411,-0.6199095680808067,0.8612484947089546,1285.8145937174227,9.319477034690852,low
130.003914886089,0.7967507678787491,0.7183817912637699,885.5077572502847,14.174904619154713,high
165.71006095973888,-0.49338479858871254,0.7002138359777642,860.6408741134795,14.348056020617488,high
127.67838754773497,0.41054481895530315,0.5179053565705496,875.7211268065998,9.970919044763864,low
105.6175469208192,-0.8656886445300542,0.886785433320138,795.5228704209451,9.627790831027767,low
158.7201048520961,-0.9224973369431411,0.640591789043856,741.1610090697992,11.268106064958173,low
135.00647534615646,0.30746094515384126,0.7052167516005701,902.1696310913579,9.79197738874393,low
173.75145971985972,-0.3219682848534793,0.38098097991907637,723.5711995102122,18.100476439529075,low
126.41320530276671,0.3109187854400026,0.7818749774467769,813.6212676306961,13.265902856776826,high
77.14358388978249,-0.8119575956623393,0.6277758404871924,652.3713233684282,12.05840093418886,low
72.11442802640173,0.8997027598317267,0.7865072278617885,877.0029511335794,8.269100105243885,high
177.78247762809374,0.49702893378619084,0.6139712431699862,996.0487360440069,14.955957788146563,high
180.32830022741538,0.7525344660515985,0.7176739131208926,797.0212850222712,9.553580400222339,high
113.71682753510898,-0.7270588919109782,0.3847145889583028,347.905390777671,9.38901075567584,low
106.58844376024042,-0.35967806221426124,0.87210204236489,997.5928860138679,15.090458652306342,low
171.15055022847707,-0.26331167158731184,0.6142324660978937,880.0459606899401,13.54929088396759,high
81.25340112847792,0.0743452966536371,0.5348260565531873,601.692137496635,1.9862095634577699,low
88.68455433654607,-0.4062630289851714,0.992325894942755,1043.3175605808183,11.368916944942763,low
142.51643781411656,-0.8787385156211898,0.6943302501906565,500.3936998210382,12.50207848219048,high
106.18882069991436,-0.2622432385250586,0.653696276226614,1111.351903831117,10.64161537687536,low
119.8207346647975,-0.4909013707454357,0.3980541888750047,835.6583450881968,12.64145466275922,low
114.27949855164206,-0.2281574170735703,0.8205414166048866,282.7837311556674,4.761247988363957,high
131.81510920796268,-0.6060809147599475,0.8322447257726359,894.5823968158094,1.0,low
169.2618651459801,-0.47620725087052906,0.7558375598146893,748.451907977266,8.098127046518917,high
123.17047174156109,0.25390468086453755,0.9096089862772989,710.7876770442159,13.1289884870686,high
142.53785776469002,-0.22369233084386986,0.7384977150111786,665.5685596359455,1.0,low
48.24397646391421,-0.30923321366101586,0.8364314664325012,818.1960522850318,8.625815731041971,low
118.29485593244587,0.0678112654447458,0.5982750408963775,728.7028297082146,4.308956123202453,high
90.48694053974951,0.5437210816878515,0.5872980137551773,385.82743920290363,11.02950330987461,high
77.34154288517301,-0.24226408730408555,0.8807957412577521,1168.0169716693013,19.8315970318234,low
89.26466715749372,0.17503898511168114,0.48884774626692334,788.9105860095488,11.131296021343593,low
108.30567957547157,0.9324052507363525,0.6920606114690996,667.0162460304342,11.569988618676529,high
152.05658898246045,0.04396022823610135,0.5817937674075682,567.8940793636672,15.356923763152928,high
73.57625487911525,0.8195951530350889,0.7886213660891991,1042.6830168632303,12.085226231242293,high
121.07210224080461,0.5873452485128539,0.5489134662109012,525.3920077258688,11.140032919242643,high
103.05406983332475,-0.8825626366997006,0.7960719896190853,883.4968254644917,15.706583696580015,low
108.53144169733137,-0.1418022570614863,0.49965296564612754,704.0877495316047,13.887548602047222,low
155.09652388566116,0.39663681573717624,0.6282320078516941,718.6450848594169,13.15450304626581,high
138.8340402951374,0.9734238248963998,0.8028167767686246,574.110117256025,11.444879389730138,high
166.80893376049602,-0.08324741767697486,0.9092519142247916,694.920141869585,10.615741181091746,high
114.59230122625348,-0.8144290917465211,0.7453744866597417,852.2030978767145,15.668683540926649,low
95.6420085915254,0.12401834942573564,0.48049377216614764,908.8280565872483,10.654149520483308,low
112.16494140918252,-0.7468724157520794,0.8423780072872967,653.6018796792554,16.925011517424053,low
128.48738769449275,0.5030391205587867,0.7514801048008569,827.2663993906465,7.8114145348428705,high
126.18006754587988,0.015353994923555714,0.4883849572605332,1072.1136077426054,17.73513581802311,low
82.04641747183217,0.446862736754573,0.7921095515147263,434.34286076273185,13.888160332353673,high
123.1671423569756,0.7387236537570474,0.9147631216257864,848.4327566020352,8.125860307791974,high
127.98799155486168,0.2578960343255543,0.8018059922347178,612.3040136494567,14.035914538209225,high
208.11159131368723,0.22487865850636313,0.5625937331525777,586.8289569708671,9.39878840673088,high
185.68956139485846,0.5091405908792626,0.8863993939942079,915.2528782495251,12.133712217389903,high
90.1364827304413,0.6849100029053348,0.4035087373328787,713.6871328331101,10.053491451418996,low
109.94158234577884,0.7381075725540054,0.9125987565898831,545.799218441225,11.468351343467686,high
68.77952993570489,-0.9271396086342334,0.9143239187392584,1181.0707980174968,15.765723175239467,low
99.32525451127798,0.11238059359557862,0.8896169804794413,1080.0223785829573,14.074046608586746,high
131.0461751256619,-0.5674613804048971,0.32190754492355683,366.9235109102077,7.498538432923686,low
162.20487673108818,0.7206917815635667,0.8468722429571367,481.392967999483,7.727614233366245,high
94.4820656789737,0.2967953704067223,0.46362811922762875,998.3642678296704,13.083102441061333,low
97.10487459762712,-0.1595550419351237,0.84736748985442,778.7815417406326,13.372748507583108,high
44.84488395914708,-0.6237915437572974,0.5986688999118255,1225.1436610887392,9.302220082451608,low
114.30669278092823,-0.321952748160347,0.7805108971736369,1004.0840996352525,18.36526193192815,low
82.8154955849153,0.4075553890804491,0.9074259914374524,924.8663809634995,15.253979749078383,low
101.46962004218742,-0.5912809095767224,0.540750350946458,594.5343270436407,9.497694538460824,low
89.30987276413441,-0.8128341093232545,0.7593452753035751,972.8600737161179,9.110978736736028,low
116.70081060116051,0.776057516455102,0.7892058171311689,531.0590113123833,11.088747145147012,high
58.479506302517905,0.5284206991602336,0.8103734140658675,1176.3111333525171,10.672582355703362,low
68.65341641131533,-0.6004101386837348,0.5945044420401084,955.5346472545605,17.02462997492711,low
194.52364892099044,-0.4153769131400167,0.4721105198479608,643.7923558106019,15.938091891979546,high
74.94020965540892,0.9441403542617715,0.6742822310314791,1051.1693570330788,12.140278054005561,low
81.61250475408761,0.41636897351823476,0.37359639627839275,1410.3812222840838,14.71162224355686,low
184.29197349124598,0.22104400842764949,0.7622276438823606,795.5957250476373,15.291900905378196,high
221.67735092341425,-0.3847430291517393,0.8864309299095412,987.6032974228232,12.233042913066138,high
78.99516799111304,-0.4017497116669555,0.656556229800374,742.0426700772496,13.61047471747636,low
107.11128651241893,-0.9209527626195391,0.8035445047861404,871.3380544045863,14.376750216369128,low
131.95444428291785,0.4569637338038628,0.5092087625436433,473.19135999213813,13.950422894595537,high
180.50441755419573,-0.9136495498862309,0.5621463200026778,849.8676216235338,8.884784686096836,high
85.46000225501169,-0.9902853244454419,0.557165819050632,860.8943324576528,9.289160970615752,low
111.41527539202616,0.4589901757219583,0.6521299588902267,1299.749444211187,10.8456213532558,low
147.20681516216104,0.8977475142982507,0.6259083505683619,401.2492218241626,9.173342883812445,high
135.21681260633164,0.513006095454621,0.7403850832007445,779.7791352230552,6.107597709457389,high
106.83453750694653,-0.05671961875124265,0.7335703465832325,1172.0293044577588,14.703807843796163,high
115.31619624193856,-0.027909500878253946,0.8609347690021674,789.5571260503109,13.385632507476005,high
71.87864670705063,-0.1277271547017893,0.5820885846717042,807.1646167537506,6.642533694829815,low
111.66391896088672,-0.3507126657793327,0.9543185881990606,641.6852437794564,11.036333153089855,high
110.67643784968656,0.04342842837168037,0.49717472695948955,616.8486549343106,11.26285673098949,low
128.12594613691897,-0.13769808571776987,0.9120081500127537,393.53655854171194,12.727777714039757,high
100.56354734133444,0.1963357600815494,0.6086303179103326,692.6961880889614,7.672310205409365,low
136.50384828907985,0.796240161002189,0.695948055458681,602.6612362219691,6.58402305602235,high
155.445053623694,0.9900188346476206,0.817972593617363,879.5097084142684,14.07889798413564,high
125.44002646839631,-0.8425134202341658,0.9428864401417423,653.0829493940671,5.864151950925509,high
132.3114742939721,-0.2306330546773172,0.5187974310163972,730.1022537378733,11.069346027781346,low
121.86043716522536,-0.6385876084663811,0.5727677047695375,736.948651735585,10.695691256967091,low
120.0029537581995,-0.2957590521489326,0.7778135666035892,837.9587044274069,11.506862727092859,high
94.74546882600033,-0.425053962903154,0.6608098863694639,717.8694358987898,13.010870484711408,low
131.07729915856578,-0.6509257367464234,0.6542487909386967,584.553477515717,18.394282471245624,low
116.59496905552787,0.528152106842581,0.3591948621897462,871.4416109869596,5.602031197636399,low
193.2608908125708,-0.007422514341528297,0.9197245287248803,1116.8708040661527,15.506326330930996,high
175.0674215866335,0.8384911644344515,0.8426508538969734,882.1165489476936,1.951368375474491,high
133.50462933947753,-0.934815113505971,0.924739308303012,697.5448904403445,17.574844595269273,low
93.29299766068314,-0.8660439737360202,0.9249528137970002,819.2133987265937,3.828522637851373,low
81.06559848058038,-0.1934528341393118,0.6725891318745892,337.34180741086533,21.745578552139165,low
161.6900033581103,-0.8394453591919258,0.8136608692841272,815.1493126152839,10.44092868209138,high
129.19622288014986,-0.474540807170333,0.6994545733497078,749.9114077273817,17.16153224309214,high
136.80501911870638,0.9720594861532472,0.7976505392508149,616.6349104983719,16.336624093643458,high
58.939490455903254,-0.5820807850307719,0.9632545789645186,661.975411917008,10.254043634782366,low
152.46034685453634,-0.6037645171758186,0.7491252585078498,747.4413746150883,10.561003127249595,high
135.9047118375027,0.14728133759141815,0.7257679629987296,1098.1145690016226,8.651364147470897,high
81.13492604549327,-0.004003418413686566,0.6507022005724311,1123.0151041950232,15.149480665777157,low
103.49663173925178,0.16087659440568958,0.6128472980251823,617.9687096105473,10.306127583126129,low
129.2301021524782,-0.24652944358290663,0.9013673196588452,720.4806566891516,8.724065887797064,high
121.83633794246853,0.6535247197898941,0.512706755796977,726.8525106778554,14.14910404782461,high
109.77400849687558,-0.7228388971150743,0.49099750045225354,1052.386378887531,8.411294234377003,low
116.37791061769137,-0.14321470831706873,0.9114577922804844,886.3766381579043,10.684070832991988,high
111.18079176275901,0.3795236968881741,0.4695394186791531,873.1974656602604,12.428423459488773,low
125.3396879235864,0.7364728805657994,0.6049016630592268,984.0656533552974,9.430282042954927,high
171.5022190547605,-0.26085678728648465,0.7419288809500231,700.8966478972671,10.033805276320258,high
30.166954567404584,0.13549119818750555,0.4929347413111671,1190.9716435885143,18.13993280455783,low
111.71024074216105,-0.861720109985477,0.8792788160298387,849.5638356449496,11.183059198859414,low
126.17793474803564,-0.6593618237763421,0.7979278191268695,636.0218884520217,10.561492160865551,low
130.35978963904847,-0.861723675067771,0.6066136337063691,792.58993905054,11.299499447725111,low
106.98298965375486,0.4557617839970438,0.8786476364308652,1157.982081051968,13.817819953996269,high
58.51473761324961,-0.42388006255571864,0.8154324003141359,743.7144660040569,7.864545269304546,low
131.47984192999382,0.4474905803836755,0.8459339805949124,1087.389449761208,13.708861601833545,high
180.45725749574646,-0.8672034419134509,0.793349263587654,693.6635518071196,13.023280760236963,high
66.31485082793519,0.7250956008166509,0.28884311426101683,658.5840758056735,4.84537846370353,low
150.23398047943658,0.6710603962221833,0.49458224130327033,1014.899352648573,19.177022413635047,high
108.50161719069871,-0.8221425138994347,0.6406260286307613,631.5068598385648,17.843254243052826,low
117.85364789599035,-0.952486987085627,0.7757568231206492,1055.6350625404239,8.79774826902065,low
83.14855212536179,-0.8874223740360176,0.4896424994487382,937.9064997558373,7.510293849210867,low
108.29403396754432,0.7072603462934679,0.9299325053261798,631.601516383102,12.91220598810097,high
165.50156081446355,-0.5305930218962085,0.7213082489886466,832.1393140014164,6.296546848674848,high
140.39293346956975,0.09654663571637734,0.38776839191466805,712.8064273601157,17.457131814809024,high
180.63090618934805,-0.14751159363988653,0.9751022771689898,937.244139167265,10.12618505699043,high
161.20941611421927,0.5910510524572041,0.6791392389016082,1321.9495612388548,18.487227713235267,high
135.36803376253516,-0.022203397058658814,0.7370254016772486,757.3238492781444,8.702386518454931,high
181.03770841587271,0.001321681322539403,0.8778335602329631,983.4440684646268,11.551191657733119,high
135.36476055584046,0.9781838789998047,0.699608919460539,856.110160416879,17.068850426309464,high
148.97958618789707,-0.6997408865014858,0.9252340532966598,856.0144257657951,10.70704208144468,high
109.6200166262852,0.6614078774918628,0.7894577589578403,808.698719817119,13.088366972702962,high
122.32910355507217,-0.8965005087922304,0.6478853953934355,635.6456384121115,16.37063502255205,low
95.59016618449031,-0.04470246085405849,0.8576122825969565,933.7849873206137,9.775810196663334,low
154.63543771081984,0.7726696478660471,0.847259930846048,777.8145625201529,6.953043637809237,high
78.7593731909797,0.33042793120824254,0.4679933680066791,623.7999790653186,6.165157614769687,low
147.38226198461814,0.37042923873226585,0.9689077462740228,1103.5433155620747,14.333730997751498,high
113.32721298731941,-0.4733654354870289,0.7150414164219308,874.7524056755857,13.555113547990475,low
160.99364827135616,-0.16285041727709149,0.7597195560964465,792.9752606641902,16.24665269232436,high
146.2804146055941,-0.266837873001899,0.252654752934871,1185.0141536865744,10.903821124069639,low
183.72261551763805,0.04288642031598844,0.6609579782627434,390.97961611675055,6.27705096959783,high
145.57711418985258,-0.07554413971266372,0.8233678009625697,1168.2052009322722,2.588990774873695,high
64.97859105213658,-0.3462032962460213,0.7826241034143673,629.9530127159456,23.471850137406804,low
117.65663894856297,-0.38903877525765984,0.6635840591214914,902.8831348538799,14.107692074150012,low
78.97974825918145,-0.4982942166897557,0.47190598737762846,702.9840614698222,12.547167024329177,low
101.86020551718039,-0.26990550623048315,0.7344393910092853,619.2497398868941,13.114559041255266,low
172.89299516468526,-0.7001170441318787,0.46686193793571107,1178.4716314921086,6.274644207070255,low
142.31368338141937,0.7442086040071476,0.8939167209531954,1314.0541418488212,8.820512036147814,high
95.53743499974388,0.20423878366685466,0.4281493320776093,794.6935873372304,18.973320511964967,low
84.51989217458603,-0.7324271488122891,0.8733894763786436,933.8686755485737,14.633389143408873,low
121.14737325066913,0.38771866841800273,0.6485736169426629,864.247812915625,8.945609369488256,low
77.42039477166053,0.6953329359959464,0.9106136501070994,1282.6267093382137,7.092738687667044,low
96.51009029111967,-0.5249286558954822,0.5761495208352674,321.7123881366163,9.937223564221734,low
130.92033150429353,-0.6987988113254722,0.47824682447726896,944.280860317555,10.738277411108486,low
160.43592126373437,-0.9827654857324959,0.7295663418628456,668.2184214640166,20.196584143386815,high
141.3066515278554,-0.9054993222870298,0.8472372662860728,261.0089946322053,11.24693049613618,high
39.8048671990665,0.5245026966070232,0.8770754648020885,759.8674756426898,7.24179286346795,low
130.6528355160591,0.9743726640833876,0.6145694944870816,1312.0121977276383,11.765590545559661,high
122.52117506314023,-0.9102393550474468,0.5482487962617919,685.9877023999,13.057353873512003,low
134.48615998804425,0.49614191815978526,0.5443094727005707,1047.6913766411528,6.877813689650514,high
176.56733885779227,-0.8562756683180799,0.617855433153948,1149.6680492658415,13.608662137810457,high
47.786660311834,0.18426564980733362,0.3712254020476464,846.8257993451194,16.83566380908628,low
99.3113801183113,0.5121505648564757,0.6666932380137824,880.1139046028229,12.554685133003053,low
140.6817212977674,-0.28159120546452465,0.8118480796751869,420.9255233647221,8.81173939260128,high
64.64419601911202,-0.9781305577786725,0.7265892822622823,670.9590342068384,9.884518249719399,low
171.6582166818728,0.1903787042508518,0.7191711868142122,1076.751906082499,5.364656093352552,high
132.89248144452304,0.9824892562800556,0.7368642957086314,865.1697742592669,11.464659063589858,high
149.63043950451913,-0.4847651543230085,0.7591739731404352,941.8353603609205,13.243119827319653,high
100.01697184673719,-0.6210174456255684,0.5139606169404428,883.2893949207628,8.413469660538087,low
148.48172914881738,-0.7521482144929701,0.7139717949823827,1398.000986074108,19.75880060411051,high
157.39650445961635,0.11051123980011224,0.8102533364362232,742.3700422028497,15.169117981804593,high
128.15073070480088,0.1928901987205467,0.7031339555189762,1251.3525107465775,4.828890644206231,low
128.20403124445437,0.5845416743408047,0.40841229356825387,883.3758055516831,4.910949765969769,low
129.46201337486042,0.5061465472410194,0.6535641635076972,1273.5497436451994,8.063904789184726,low
89.78291573412164,0.7850829895901743,0.8449597845475899,543.7554776854624,18.29274162703709,high
114.83649619158764,0.6115453966846027,0.8421783912402604,896.1630519077152,15.56368684220945,high
114.66171136416745,-0.5054658338411111,0.8833198949540795,751.5783040191325,18.49484878223315,high
133.41878525237232,0.11175480975152219,0.6041243234760368,884.8680839625098,12.040837146251018,high
154.99384864186032,-0.40517608181284004,0.7539022368897575,1155.594065666532,11.162042688150889,high
82.95123713075567,-0.3404292408969951,0.6957565806253078,944.7024013394864,7.009962055757504,low
115.62468393881478,0.8638887384599927,0.6981946496078931,1155.0956725067344,13.398735699667183,high
171.85094416806407,0.3637918101341471,0.9573446422163454,682.4447266815137,11.215327332331917,high
93.97441199156026,0.9491808265022117,0.8943408052697773,644.291385619071,11.061311238072552,high
91.2212493948388,-0.16617492656251098,0.9379898931014274,854.0262682843165,18.472203364211353,high
127.08071671409178,0.07487514670795314,0.48279641961923037,840.3369554022287,11.494617588541757,low
149.55348166698622,-0.02576916016715658,0.4669829447876228,803.5351577939518,17.323925776190737,high
120.39991194462307,-0.7854258849525462,0.8187487066410658,610.3420685823287,5.647701355429547,low
166.5136206652946,-0.5265960109467933,0.8290031500150234,1149.662897462972,22.75244893145169,high
149.98778938982844,0.055272721208964315,0.872953053147716,759.2906998416281,10.506918152978523,high
149.46370234115216,-0.8652513897339875,0.9498733773614696,1206.5195305531704,14.828736093096104,high
139.39407754634325,0.8629238586177785,0.7877837259661478,853.1858413010145,15.46509164778605,high
201.46785851211297,-0.7523126361132584,0.6232069147498479,1012.1072327035112,10.010573078498258,high
112.81934088968845,-0.6040385071661858,0.6248892131082463,989.4274107409207,15.276120360236215,low
49.876719777672015,0.5306424478772731,0.9579557577760611,643.9313149122869,15.484012706324954,low
176.14890265309992,-0.8061309164213726,0.8500892982452173,941.8007303881222,9.147421995816929,high
103.9805199165111,0.8005561992308188,0.9146465934475857,1332.0832361167766,9.194799103272429,high
123.77581555200615,0.4514019414450712,0.39390870504281894,912.9030632750892,12.18122729393897,low
165.83427397011843,-0.8627582857822822,0.9037975961251125,1075.3191848899187,11.538024209258658,high
63.920916062937614,0.38369412257130575,0.49317366000042345,1023.3179611480463,17.57252038339814,low
76.19234750628512,0.2632570843426356,0.8079020481843298,926.7624145912467,14.810672739780316,low
63.95527220084012,0.5146988654798372,0.7387845117059558,896.6196794311867,11.718305722147637,low
92.20522984911017,0.6563957049786717,0.4931198607914971,986.8288897803251,14.424311834830693,high
135.38728121059478,0.4367011263463101,0.7878915664834955,1040.820636618903,3.8133876888132345,high
138.34657449844698,0.17235259054194385,0.5448392342171459,511.9589857372318,9.538756105473034,low
129.6695962764994,-0.35507336283644464,0.6766609124365695,911.8257222741137,13.151284033275552,low
70.55319406376718,0.39454732365985823,0.5936692693880181,803.9805298131707,16.461462007569803,low
39.14637971785746,0.9139431692615589,0.5558072932910879,752.1182890870729,12.799077338623174,low
121.90237548866338,0.17504356105774854,0.8562469158603241,1173.9910947571434,17.832955999910624,high
103.48783882265825,0.3286897368685078,0.8161424382038597,666.7134379840367,15.471759432101056,high
136.07850201008142,-0.12574391560039855,0.6923822834702024,501.30773492249955,10.046682303714622,high
144.56837691774444,0.5122416194861488,0.6337551940747914,1048.9290563464635,11.439877416184922,high
124.83845012205387,0.9953347846772718,0.6208261607974511,494.9015358615277,13.633686744954286,high
146.60465798815488,-0.6792213518645278,0.8837410449256542,368.0142305103591,10.205457788574545,high
128.0223980940274,-0.5951894409924754,0.6504630298006188,1077.0669224974913,18.125160711666375,low
138.55226469605134,0.07887551732877895,0.8232447122770614,889.680562640622,7.565095462830843,high
95.33643579955411,-0.03724920547668353,0.6780486146022087,968.179906842194,13.264425801697545,low
113.71360051589895,0.1431395690134376,0.5438372809296376,739.3931063050944,14.941787254420229,low
126.8871633829935,-0.9018519045514539,0.6585184548302373,503.8984670977452,10.746212042155591,low
148.71849663960967,-0.1914470873391021,0.4749935425800413,553.5531965955831,9.844802669403006,low
106.21905897213998,0.1659565241311216,0.6617948191988515,781.952775142179,11.695674814200004,low
138.24085395062394,0.17038270260992538,0.8046345544943888,531.8992855204896,15.247994051140697,high
110.69564228296173,0.3146679235367471,0.8358229470240696,926.7632267614133,10.000608009888584,low
115.88602414351544,0.4404320580053276,0.7978291846108633,734.3855154913953,7.724315252362831,high
149.03316647084256,0.28309440668171315,0.4394138297041923,896.2590118413264,16.602339107972107,low
50.24288701310454,0.58048631077887,0.5907369455380947,888.7870320566077,13.59718589174235,low
74.62346851738337,0.24952126936918329,0.36268251125719,946.6998886061317,16.03142972195807,low
68.12351108950128,0.075015325074409,0.8755260295051468,974.8706318222497,15.037326925069761,high
38.32343580530933,0.21239285777562178,0.5549229220981661,764.0248523051887,20.71955723312786,low
96.26074459456882,-0.7976132664933353,0.7746878676721692,895.9923166584576,16.459888142426184,low
146.2301864904709,-0.45368691854896004,0.709111495313112,909.0020321050437,9.103681752500718,high
110.02905767660988,0.0547995613162624,0.7495687752324108,242.77742272665873,13.88107186892633,high
126.92265286796483,0.7459744308034142,0.6737984616846091,1011.6314364648725,9.770045115825818,high
158.12261238487775,0.35810311257598615,0.7808612739388852,887.4855490550628,10.183495344648666,high
166.4690146293692,-0.8191838430562048,0.7615006209463665,991.0122163108927,6.349998397538805,low
117.58017228458512,0.18454990088880874,0.6209973661068112,528.2891011381844,10.855547272533846,high
167.3755061349289,-0.5565240247258021,0.5376412843819816,771.0567062094017,14.1801371541388,high
123.22443304519382,0.46803311957744587,0.7221631758796415,577.1176358586049,11.735913179465038,high
90.69106216603883,0.6548817050174944,0.8243705905408812,1036.1503440532188,7.602526387005234,high
99.19598767304427,0.1869125451799467,0.6224185314611624,498.7208644828765,5.907922670126741,low
68.18122206022443,0.18272521950341947,0.7248784904951676,617.8363045194197,20.447383741922266,low
88.91531511932217,-0.32281711357837195,0.4829879520585801,983.5785320679953,13.300643012165999,low
107.46941591739498,-0.10749995767738119,0.7231104975234554,692.656366930688,8.703723321600455,low
148.12547567825106,0.7282167076306909,0.5841051423642948,617.9023358027354,13.847133838811505,high
180.22694409080944,0.44664066193431307,0.9525809935673702,1076.6798573850458,20.756744311224345,high
71.6236469618036,0.03950731939168617,0.47329676421563943,1086.927939147967,14.48184943858358,low
133.74896138909716,-0.2635352275032581,0.8614276757061741,1030.5177981352497,1.0,high
83.5809621294863,-0.8992405234228913,0.4875495779422322,1062.1774184850733,22.60916675194777,low
136.61439809621206,-0.7139851973472298,0.804105269610734,792.1051802654858,4.6030140788384895,high
115.41196722592957,-0.6139496209212587,0.7728517431679943,798.8517563408461,11.175952218492672,low
55.91829609533644,-0.25323291348265053,0.7646640136647036,687.9796803665994,7.466382799868598,low
152.49039470489694,0.8882872941525493,0.7872229296421024,891.9322919289943,9.039991560107147,high
98.82497505169441,0.010306789717497322,0.4941308457410552,718.025418168538,13.13763873993055,low
101.31349165692559,-0.5303196734815379,0.7469682009589867,741.7334485182557,3.715905964805563,low
82.55866560486085,-0.7884997250769719,0.38462882719484964,999.975108495725,11.639017658041643,low
97.10008531593556,-0.3233889507940719,0.5360730740088907,1146.134811378595,16.589369690965444,low
134.9761654243221,0.6314612711021137,0.60613188819698,949.5650635675237,8.627038701649797,high
113.37644806722581,-0.23331441317898416,0.840024509922978,1298.578966310642,6.438859760231377,low
131.50317007988684,0.545011612044827,0.6145529032415533,673.621106991813,11.44277959137703,high
132.66726488750953,0.6054099522537577,0.45826861092089466,390.50634019768535,10.646634039794497,high
166.22315794348583,-0.7783584606025917,0.6223855362486198,1028.6569723973885,9.619089318662123,low
108.00248471974672,0.21731950525356747,0.935958591170226,657.0416118383172,7.246615695529545,high
68.30997641039939,0.9181921267422215,0.57800794252523,781.5769395561591,14.076738324744488,low
157.3527845800194,-0.19572385019289218,0.7476953025738532,407.5508724697191,14.381054045766922,high
108.39791397659609,-0.8981118219939555,0.945170298968284,625.1974381635434,7.73741306217405,low
159.0107355602082,0.8466053805157572,0.9813252071592844,474.44314585519095,8.29098542158496,high
133.41819896138645,0.7673325631449659,0.8673330866321202,741.4241841449241,12.545967976022903,high
115.41018644288293,0.04428289441800359,0.9560928886359303,751.3621265292625,8.140113367649331,high
132.20715629162032,0.10450624068801928,0.719830880185023,872.4901028870522,12.714647930787153,high
188.28543960442047,-0.5765177944477502,0.959451006187807,1159.9307410887939,17.87218611446425,high
192.69431851688137,0.6389015110892746,0.5942213771562447,1019.2265662244547,11.760709275086743,high
122.42833972964725,-0.00279992321574718,0.906561025743742,444.45759094737974,7.145534530243034,high
125.60667076609764,-0.932244409714887,0.5913501125889747,1002.0038589032141,13.568413989286993,low
157.6684055113235,0.3660299128979956,0.9226992465650492,877.938674360365,11.289381081921537,high
90.40186385314284,0.9009925396054121,0.7803253379812091,825.5433919909755,11.399371850034743,high
131.65746304163892,0.6583009806915006,0.5420691202457533,844.3251175156936,13.901291491515156,high
119.09480032161503,-0.4456037195789204,0.37570148245227064,901.1381070215638,14.764149611113304,low
130.98678740101437,-0.8933498301333187,0.5520289663350922,677.0283022466086,12.142008661893218,low
90.8320917917708,0.8807028250763611,0.8799940114221988,804.4122856188397,11.757278733162867,high
64.36513773418609,0.8741254497594029,0.6490260920787327,1145.9847809729586,20.254165961893563,high
47.44557974030479,0.06483063942573875,0.4765571199418338,674.0235538936166,16.80221599562919,low
80.89155604536373,0.2846348233430702,0.8463820879350622,592.5280059562261,15.334184472260674,high
103.94636502712335,-0.07479987857838344,0.930980736275565,834.5731630315373,12.524823783520786,high
109.73829446729333,-0.16046926580248266,0.5755795615633138,567.3583858109131,7.977027056420105,low
187.80309068503308,-0.7611031281425993,0.8504691493041563,419.3042196364154,16.509545543735975,high
158.70976794675545,-0.806494203277808,0.392665891164579,763.8832057312959,12.577176586872085,low
86.32681092804305,-0.5345357066476251,0.6767479198185238,1212.1554711409808,9.691323944707467,low
132.1697958357835,0.6732814928130886,0.6966636418669635,840.3489760307767,11.027438185649222,high
105.75226172773863,-0.70833539852864,0.6760873814212172,894.6442736120533,8.135269735047407,low
110.04726566859667,-0.5466026961705786,0.33790710013029857,317.46291046221864,16.22931617194345,low
126.48639772953837,0.09722811864441505,0.8647537830768447,959.5313731102368,14.732148332487144,high
141.67098909413878,-0.5697375638434512,0.779111809385982,873.341465327448,12.726529846113404,high
108.12595306405946,-0.6735866305644258,0.8111353905694997,683.7712929901614,11.828857705498919,low
157.23480364570256,0.12663248339592448,0.6804651875960165,895.0126178505935,9.277324491000629,high
80.03216208501586,-0.26381345800676903,0.7242334241824631,892.53040428949,3.479709424965918,low
120.22186718267939,0.2523185716809384,0.6428465603923026,585.1280179105162,6.348292413359733,high
210.91858043085412,0.8244106808173526,0.8860119287097106,932.9634316949774,9.029418641922842,high
127.80779099188463,-0.6980137371298647,0.6452581519318629,1149.2838556317886,8.428134471944588,low
170.16250773121604,0.8268673196261278,0.9222875500197079,793.0146311316208,13.157442498464262,high
123.20320623606229,0.8049799348458373,0.7886791920845827,633.101449390723,15.245974967893284,high
140.3271983365429,0.6581751666718056,0.6355953383855362,805.6049825495679,11.486243124395859,high
118.01258819625579,0.2625718346121704,0.7263357124464961,1063.6532987661071,17.63566774048574,high
114.03573465925284,0.24029331493109485,0.6870670935431227,543.420290175682,8.868409121653478,high
92.71811611461031,0.2784253198730031,0.6903094148179909,994.6395646960452,11.457851493006888,low
135.06054756351438,0.3809911024356263,0.6115554624777446,680.4963853698798,11.796051282889616,high
90.19619837849812,-0.967035598807686,0.6388319712654997,910.5157703449344,16.368745315337677,low
143.29548327097,0.9161851583212994,0.7975090889735844,708.9171812386091,12.423548328328714,high
157.98504515560685,0.1712075229311596,0.7244447415106245,708.2457612296098,12.534275658232515,high
132.82859925330305,0.5629316788048433,0.765237433047602,1230.773729058762,5.380627539968314,high
109.98129432555079,-0.2454363218772737,0.844830044000477,497.72835236662706,8.400373163156981,high
135.88879527580437,-0.9752055721684081,0.572844945128708,971.3415443863861,16.38380909479033,low
109.19644305587556,0.019469319752887904,0.7111433929422492,1282.8311027303216,3.6986309456112654,low
152.74414939128022,0.014380238631857889,0.6737893989132777,1021.3804816182056,17.37197060972251,high
55.900787052470676,-0.12602142337709643,0.3370592619104795,517.2257452402046,13.998657955816922,low
108.25374211584739,-0.3205658916758465,0.6135904262318989,529.6048727711486,9.00991468654498,low
50.32158017066008,-0.5003478243805559,0.7124874723973602,662.0936558383996,8.671804094370849,low
67.67287094204782,0.055089748994365584,0.9236118732327329,889.4769778799687,19.583821199393228,low
167.73517804348683,-0.2494437206130118,0.5683864569631804,906.485673522263,17.645623225917685,high
151.33147436900902,0.9398637660996174,0.3902568016198735,532.0758614250768,11.52223691382601,high
94.81819183503234,-0.6541453844661371,0.7226913402408228,631.8106353882583,12.538366917809517,low
67.4123790385686,-0.36066886474582605,0.9666443562007585,647.1293782549949,9.415274556358911,low
20.0,-0.412079058150858,0.8503737524946074,804.8132979712768,12.53913591130442,low
100.97765722235779,0.08661835247191396,0.6469890592774837,1346.1738643227686,9.304385245722818,low
204.71452542865907,-0.0014394860517041863,0.6196889347994956,616.703233594138,11.68582790330328,high
135.22094950122766,0.2874809308485462,0.6325143362149157,605.760541716053,19.241317519058967,high
100.41496998826787,0.9000035411484157,0.7997241892845574,566.7149262140389,11.617543813798296,high
136.27780733251072,-0.42955782901226525,0.8701803950834281,1008.886142810558,7.807912474905493,high
65.3664576451945,0.385543138509993,0.8034071487445005,839.6646009112245,6.5345118080601035,low
109.59368230558276,-0.9499195939896328,0.981969229458617,625.9433629575104,12.508471029457919,low
123.48171155555085,-0.47522305453275093,0.6935964333107777,759.301104055417,8.95641938202884,high
116.9864771862633,-0.07256054400681444,0.8808994834325875,652.1224247605746,12.986412567930145,low
147.6782142591528,-0.9380104230377311,0.7267366517948403,923.9728202973113,5.521987627485815,low
132.06258291826182,0.23533892110727783,0.6289944238425833,1521.094151699084,14.761000538303527,low
143.39141063377988,0.3566212168034164,0.6625309209652123,987.7161014230592,7.759340512827979,high
95.90697012192342,0.49346342967609336,0.4047224999230173,826.7528712231591,12.185189037109357,low
151.4235392943692,0.03314900968602452,0.47339199019048694,683.7561281280118,10.646787130240114,low
177.0127931668397,0.2078893299572533,0.826499835675486,514.1499795287875,18.87355584911548,high
86.04476681220056,-0.20786949744302552,0.9029600321101825,1033.422432850759,12.68595669371811,low
88.93065204999041,-0.9174939349868749,0.6159351223693922,1019.83854459158,19.781887792458377,low
166.75245177120814,-0.8000962884509739,0.5591228783820328,733.4747508272984,14.24296960024968,high
113.3029604656729,0.30999184840292826,0.756012990005976,1153.3334957356547,17.701623689249914,low
169.1337487223295,0.9911105991715525,0.33498106951206047,855.2767347212712,11.164807174308317,high
104.51125008377356,-0.9683935216734076,0.44618560440982163,1043.6901838487838,13.38201219796129,low
170.9265951694749,0.1151669936527655,0.6958030243084103,924.0492505082528,16.874574356075826,high
124.60200358819083,0.5020175057651157,0.6781747022737814,805.7160300305904,15.619839794336194,high
129.03800881629434,0.6535496560277574,0.8521867737389559,611.2788471731283,14.123973112738277,high
174.76513075844665,0.09040980244528019,0.7945430286808278,813.6158519093322,10.688260668849088,high
107.338033289454,0.2398319603682102,0.7372608472891518,1060.5126672237118,11.364894024773118,high
87.06072664262646,0.39344989054910684,0.7766028834126996,722.9662220251432,16.550647806413426,high
104.3002527190076,0.7179324993868612,0.8064054224604605,959.9353489007946,17.38364499492856,high
135.83168827250987,-0.7554209255943627,0.7885133614459601,579.3160294939992,9.628549082881307,low
65.198432473682,0.8523643925497268,0.6412297196325617,1045.0145840325895,9.024964102580121,low
142.31148159278925,-0.94796519289686,0.5889562506860837,928.2353341224904,8.383464846919132,low
101.14300388337898,0.6723995019155506,0.48447109492570245,549.4723102908747,15.318802462920623,low
160.1734431256747,-0.8465191468806055,0.8326306638450223,793.9963691195969,8.282099911749924,high
36.20088932848349,-0.6107435767901555,0.6296232175761206,1082.8602273295924,15.27041362408699,low
92.4701978713541,-0.9922117072377348,0.6831801750911971,535.2418648366939,14.182761372484052,low
60.97361470680643,-0.10948658892791863,0.7931365666526068,582.2624403437665,9.81963262253688,low
91.08196867726166,-0.33128154656521547,0.7988288982348166,832.6257613033767,18.255437255405067,low
128.668306538813,-0.6680141770259453,0.8581247216175123,1383.3326826080486,6.150964367595093,high
113.72706810925858,-0.09781967839218741,0.6844730829839553,681.8554789901254,18.63813039903424,high
111.13178508681948,-0.19525823365563233,0.6791346176403655,973.8184998963739,13.275543456981985,low
114.42852950169787,0.5353220653974831,0.7651988178745853,915.0338519003378,3.706134573365233,low
127.11858842169802,0.7862606121400648,0.5847959517291598,702.6200249336141,18.367518543286455,high
84.70123853199122,0.3051345035341637,0.8435058244722806,890.2833379462188,15.888850016879955,high
144.73973743146678,-0.7511792225469522,0.7098094347394825,738.0413344762612,10.287153266347849,low
143.19330896349194,-0.40921841058029873,0.646156270063634,760.548802470872,8.141117739034414,low
133.47632781796352,0.8266365936645597,0.6200176942267962,434.6820243067167,5.723733024646459,high
139.4786704962942,-0.8225310139842217,0.8663448649932056,843.8909412834196,21.661784647241564,low
130.37463002830307,-0.18628832121834704,0.6046915714942024,1074.7733766556378,8.306472503352625,low
191.22756559558735,0.8850092384669626,0.33202711461157836,864.3564436949214,6.945645751996297,high
116.95170401316216,0.9013296829389714,0.7452569355496791,1122.6269402056075,13.071676497400599,high
109.25208735828981,-0.17759364590221516,0.7509605997229091,995.0818614862543,5.4484261329555395,low
93.62653468749177,0.33479377619759476,0.7717624817607672,835.114673417445,8.073806406221776,high
83.8708065297757,-0.08650880329200206,0.5287565772532056,693.0186117482954,15.979876776641873,low
76.44348743396236,0.5069210788726835,0.44601605257692833,728.434071159649,13.856842379277518,low
88.89209403691785,-0.936837338614003,0.6509509458431912,482.37238151571967,10.45452016104247,low
117.5261866421775,-0.7116857021572831,0.32443073008872625,783.2302774754185,12.073226691725518,low
131.70032949742,0.22839760708719847,0.5086067189241488,886.4996896410383,10.230117879199986,low
121.78997204932567,-0.5348954751138728,0.9008647633531572,1278.8552744498083,11.752008762523841,low
93.20626528996004,0.3321045985382971,0.837807640064145,982.0800808197191,8.952754469761391,low
151.50645974069872,-0.2975541450774033,0.885252209718823,633.7865049655057,9.67904272189029,high
145.87944353053317,0.7732911162556428,0.8234972691914781,490.1579311202985,9.557287449818268,high
114.4123092402294,0.6385187711199729,0.5171133887259964,798.3619781988568,9.096556592576981,low
97.14793493673508,-0.01432439986243561,0.8806906213703591,1052.9411117069374,16.17564398566593,low
139.194977229043,0.5457901741897155,0.7149166370722047,794.845915826403,15.080469568052212,high
126.57907556201366,-0.4577242275298192,0.5978104472229935,985.4960437513988,8.270546926436204,low
69.31554592047334,-0.011480446376274767,0.8365500764023888,804.7186376869529,7.222424829829716,low
117.62069104054582,-0.6050358962734437,0.7434528500892377,1029.2501086788998,11.370893427477537,low
129.17125342260334,0.7217723370419877,0.6677374663590686,450.6854943235847,20.621150393158185,high
88.51068247292862,0.6461352331368297,0.751534486515281,1251.0455300365252,7.889179185213809,high
126.6445187493105,0.8042993368180025,0.86807031392765,571.8791379440723,11.355102441183838,high
69.08121301597738,0.7549539624485189,0.871596539085352,1048.4330824324443,12.354881654870649,low
166.766513500426,0.9191925241189896,0.9183244255455076,781.9540013327612,11.5654313038194,high
163.6782494770801,-0.5433275367361481,0.8791810851229588,821.0430249082748,10.167160503122046,high
111.16189329939624,0.863648581590631,0.7854475701553344,789.7245235074629,16.620319888794217,high
132.72090182436756,0.14242638270399532,0.8108745642480709,913.9011462628733,13.817834491773816,high
35.65273119700438,-0.15500983216369568,0.7344559330538055,964.3811358202238,15.383221294980302,low
79.52783189071334,0.12074779193574603,0.6766402300398658,1114.590377955767,14.357519798665322,low
109.71773779467546,-0.31479528669944434,0.6718519324400668,1201.9872206493446,15.575793287223947,low
82.47534425005993,-0.4228939860780958,0.7965586542445546,932.9553866941756,18.337623331896253,low
145.00387689207307,-0.5173713240449425,0.664160972230834,1278.418559792076,17.324175867153336,low
189.9053785761798,-0.8351440210857464,0.6969039948186435,873.2431357056195,21.29921583838366,high
78.81848481997443,-0.006870205705625132,0.5813397429423453,1119.360090563231,16.869365125628768,low
90.68878085701826,0.7755233514277748,0.8205493105623342,957.1799182265369,9.322212893889972,low
128.24069289084755,0.2603039385487693,0.8936682449221651,712.6988421436586,15.389248167223315,high
176.38906519748673,0.04195126551154704,0.4278053256619343,895.308538594961,14.841740715938382,high
77.21689906110339,-0.142814163498167,0.8665602107720686,975.7929693772812,19.681179620928752,low
128.71626428074296,-0.0711967473656161,0.9636227697129985,841.9504671493481,8.131365933294843,high
183.7454597784588,-0.5814453048560981,0.7603858436710575,953.2141294993891,14.231804325571746,high
62.18842981372565,0.6458717543861945,0.4853273743016279,1066.3407398317238,9.27571862093217,low
75.16257776039588,-0.6032340734369439,0.8598932181452364,844.1567145010268,14.05018041640054,low
105.17376877387066,0.43324551345462603,0.5591217968052955,114.02808282937973,11.141013341601123,high
101.77940555006062,0.5199700229923052,0.7776688371328476,1269.5675378733426,13.917875216763553,low
148.44104507137757,0.1497380840554685,0.6267367111413881,775.6021424449178,6.3586472556743034,high
128.45809019372933,0.725852749909657,0.9267167563939804,644.1799447919255,15.17290592622359,high
57.87632791252551,-0.41789929509869994,0.5885252979287365,568.9724260867956,12.824238060744399,low
138.03936410152838,0.7632344424857265,0.6147717319494546,765.8885244165888,12.608771527087619,high
99.78613894255223,0.45882091919860835,0.5675832212054895,709.3130421707544,19.80091319938932,high
164.60565259294336,0.5974996555235215,0.7368853443244351,665.7476340288272,10.470066406928707,high
98.03443622470782,0.3291594190546283,0.7001724501289497,679.4684325388567,13.369061699087926,high
97.71846509142175,0.6926860339799388,0.6464840117185157,982.4357060149556,12.40108279615702,high
138.9396063781586,0.9861977254352718,0.761256105499293,1357.5908602507754,12.792156640962931,high
146.70242688179277,-0.15967429095072272,0.8538662705369136,1055.1428995037254,20.887215618571116,high
135.68347773776713,0.6278313674191407,0.5952548019580061,1130.6495461886425,12.255228369654995,high
61.00409389153171,0.48915951903606714,0.7268139786937199,755.6474921383152,9.730880802046947,low
138.8312053974888,-0.09425966857596402,0.7983391991847305,876.1663413876445,19.483611181788884,high
83.79921819139604,0.853897999465024,0.8407896520704318,956.6206010575718,10.76924493824415,low
128.23466390558923,-0.2111481408548106,0.965737858033554,685.1105265893075,5.579287411163779,high
70.16929476103289,0.1309318325524751,0.9284892204226127,743.5674823627207,9.036625174284595,high
135.62127516400722,-0.7881152860180769,0.7734395070099241,1063.6379895832692,7.013650023828577,low
91.76903834924195,-0.5484496118674675,0.46614126928219257,1122.5731887750271,4.800138134742195,low
75.10778724088173,0.6813923410675213,0.866874675415375,866.8525673788145,10.547939982527462,high
144.983704776884,-0.2068945543423053,0.8310898347038805,551.2107048053184,11.71913613890627,high
128.4575582586863,-0.21183182116948363,0.5211974584715529,776.1020041955854,16.722111660515626,low
98.5108119512486,-0.5080379636187595,0.8929251556812698,489.6672163735321,14.51760644824826,low
170.79125971573725,-0.016779331405091247,0.6007459667016948,868.8006024586817,14.335337232514666,high
104.57716524505902,0.6116339227012448,0.7409870129550029,913.8507778178547,8.427159979209122,high
121.12376858898271,0.7903282355474792,0.648256408309909,782.3223947405559,15.53973304785646,high
129.41197066875102,-0.8597711359116322,0.6769980578984642,910.4278055958011,17.56493134559494,high
98.31169230549853,0.1496414624802309,0.635537342509469,954.2253097709598,13.578283566184641,low
136.48977026899752,-0.06545326421533093,0.7179145733938659,914.215510726781,13.6900701451917,high
101.32916784923465,0.2285637009431567,0.8218425971802148,549.6174269257675,6.941230801200085,low
105.59265872243267,-0.10544862618346174,0.8882854437037827,786.6839186218264,16.21774323042131,high
167.69249239311694,-0.20271035829316975,0.83743684014174,952.460744566567,19.123322195045677,high
83.57948816206485,-0.05623857514102126,0.7152920150913158,1244.6779428265,13.291809596187349,low
35.55268841746784,0.16399825751282826,0.49720483863250364,782.0185624403257,9.62257088653006,low
176.3827948254163,0.0019664220635535745,0.6982855134151134,987.7100501120275,11.352020576048629,high
209.2264783412451,-0.055711097958707656,0.4472132951801054,1069.537977980956,10.318317139949649,high
105.81557570927339,0.6356706199161615,0.7716701526272916,800.8430754068601,10.558201387358823,high
52.210668578293514,0.4912959824757155,0.5323365542563846,1137.101936871835,14.591932254776237,low
109.13306083314197,-0.31724301163761437,0.7187202285714505,1150.5434578577242,13.117856446681369,low
109.98219675557658,0.6011542350306409,0.5971794340239927,1195.0961835152975,16.015746423885474,high
113.352665564221,0.7073013380090003,0.8403480083238766,964.608042246383,13.483610179112883,high
81.03141853273532,-0.693015589251619,0.9213548723356365,1440.034312414384,8.543648104087268,low
140.2846399866767,0.16536492346151754,0.7531502888037361,696.1792218089147,9.997231904602438,high
138.35775813501303,-0.42937601280157245,0.5967067830347729,1381.019396544735,9.748635708848573,low
67.69580330632427,0.4783446438534451,0.8790261282915083,1042.0748721646082,11.254119693526192,low
144.47188560932108,-0.5224293412826335,0.7871657484327114,1185.0968332566797,19.178854765658354,high
191.8439743681062,0.3428070483460637,0.6004303852867531,769.9905613645723,19.81959836659051,high
126.01861163529709,-0.4897506878847322,0.7358481495008384,1061.1186757409407,15.346404801786342,low
108.19361932760229,0.02228752685988633,0.6193076080701835,1206.7435409160908,12.475055187334473,low
115.02988749573676,0.8972929358323842,0.7909456674844421,578.1603390690319,6.55339112198242,high
141.53398684389964,-0.237384923087131,0.6401850384886482,809.1684295461451,12.880033222920334,high
59.42649380724736,0.7514769719264154,0.5275859513863689,314.6868279422031,8.839970814251787,low
125.75367460420559,0.9738891624077892,0.7941821214480594,805.4167557877108,18.52208758626368,high
106.33376176880165,0.7497016976103266,0.9215478575028674,645.9979516349784,5.575577240838043,high
184.6738754534616,-0.6682679405533143,0.8435361056348105,795.5580780083162,13.53793733332047,high
113.90395431682647,0.6393164390703261,0.7332573424128174,1580.9108394011648,8.503042489398524,low
178.3760663891832,-0.9357012097988775,0.8124345843718176,1279.4508766992997,11.961939258066112,high
81.36907557762974,-0.2133962326013843,0.8429697222694101,490.138115824842,14.664272761244227,low
140.55407083809772,0.7414667466357276,0.6656121955891213,988.9345753998513,16.08787475512839,high
131.179009232693,0.37750442551983965,0.6837899955076356,1049.7327717648095,11.757239196273675,high
89.58334632473262,0.06548085467575615,0.8108509405629395,765.5257283238526,15.044866200726116,low
126.20886401229292,-0.22427194983475895,0.8836341503244617,894.5769007896373,9.35011960555159,high
162.438159289106,0.6245938929405721,0.9474447487927062,918.9955518537496,12.98215353909288,high
108.66729034996898,0.4191168078964418,0.45844814247544635,513.347156784535,16.00882965775146,high
60.78130727905829,-0.06318936076865334,0.5918195950273941,592.167661478463,13.328397912559952,low
119.3853010732894,0.7849686744193196,0.6061268436872866,893.0741796102476,9.882625214506776,high
88.41519168226206,-0.5401039643627352,0.8685136515182419,874.8506319954417,10.88383052974627,low
108.01806714676411,-0.6592169816827502,0.8609311637423267,672.8593211456828,16.062624250191757,low
117.14442806102076,0.2856075286671631,0.721723217168093,651.4059650365389,7.632621532287371,high
60.302172439456896,0.9439886854035406,0.811624433730779,827.5551875821985,8.22273946397019,low
63.451958123776265,-0.5054868533864594,0.7946057655922976,1071.5377382458182,14.406355039246943,low
136.87233924339338,-0.500659242132347,0.8402379757879092,830.8785572632825,10.24342562183281,high
101.70484563406119,-0.7210023040756202,0.8337281041695094,1255.6827076589122,6.1877672146012435,low
30.23394803628015,0.7211271105472643,0.902801657190414,676.0448630843598,17.40327466816764,low
147.46954128128473,-0.5472049191773318,0.8458249420912584,898.2774503637065,7.60159884848037,high
129.5329414345984,0.0063570534497756626,0.8258355356171244,761.4261427239985,11.202279946721447,high
95.01438115872307,0.9817449560044091,0.7900871768217821,996.9902366032775,9.521917425251608,high
73.91094261296155,-0.9757181981559129,0.7225392690219231,654.603029443701,10.809266057839118,low
149.2532763710018,0.11297218102158824,0.7779319138695978,1331.8494384984388,8.46152216939464,high
132.22727178961503,0.024578085409891592,0.8178368896106597,427.3468992309985,14.85711695077385,high
203.39107989394256,0.6148947528203095,0.892573388181954,1278.8700599200615,12.443294097227646,high
134.7066009553728,-0.28943692089444606,0.824770783314001,872.4971172772082,15.934614380843566,high
133.5696099441705,-0.1793172822019169,0.5638148742704278,988.1061454367283,9.56332715383311,low
114.15752244620022,-0.6641240388022727,0.5059667398832308,1183.6312257729894,20.532087079796845,low
148.58715535202768,0.48163046327157333,0.7146137971248371,1064.4153737915174,4.381404857984222,high
141.8779820436854,0.5694178183762966,0.8852495744546839,667.4932780517347,5.659460368310824,high
163.8103752997818,-0.7266733584423395,0.874600839257216,1000.0223888156505,19.012339390865716,high
101.75369784769504,-0.2130858520233565,0.7015253662971577,1316.8684931586542,13.896166669785538,low
104.76073844696131,0.785809990725366,0.6281209385296638,628.1770719597944,13.365544332224301,low
103.23138901808069,-0.9945854526484257,0.6007136029990199,1379.6071277984945,13.725101229272044,low
147.67806024126463,-0.4024818587547354,0.8870546769992369,946.425621492141,14.284829080601796,high
172.4431054103856,0.11008457010509543,0.7354760136021501,741.6930570199356,13.199070881735803,high
103.94058273977448,-0.3318122806800934,0.8256364435934341,626.6776538479364,8.136382033499578,low
105.13291952724181,-0.4559096216446612,0.7784618745615237,794.1782313979313,15.272763620291165,low
130.99270283544297,-0.07992503019357478,0.5571178178653613,361.18041723237616,14.642712846152929,low
111.39834749954845,-0.6369537837806125,0.8015686270162358,746.1888827353032,17.713724586959323,low
153.32187785989615,0.059250481918967646,0.709122019581595,784.268189036097,19.056964307604662,high
41.18779482833337,0.4133918426264518,0.26696815874921764,581.3965877218951,13.321904318573049,low
91.06532335790868,0.15058990525700433,0.6008806279594145,1036.96129872609,7.089803929471267,low
92.61542831134939,-0.8137813382829382,0.584770112455139,795.3084280526532,19.090091724808545,low
38.78753956648493,0.6888172283311464,0.8449017154777548,691.0513638463931,7.927400259988236,low
86.27265444709185,-0.6500443250250236,0.5389840692255751,768.6665162328641,13.351856774689523,low
87.96953594539258,0.5296240012222573,0.8858559825163782,938.7768683289618,10.973064294316579,low
112.96133709184093,-0.2788697784482992,0.5657303259839918,868.3053026167486,10.277498599260829,low
158.95380620810923,0.5655226961122046,0.710147672129987,674.7562279781056,15.05720048612607,high
111.42287720832542,-0.5874541931893085,0.8837217766142249,881.413368510111,12.977838397071862,low
83.92151979050962,-0.6266757926091404,0.7979894159214257,837.3310106084357,14.052965965072524,low
118.00659105752649,-0.005948307565035504,0.7548534633477036,565.1339442127969,8.73725483934652,high
156.72107675044722,-0.934127970603279,0.7639915348053917,777.8738266231849,11.303700138501359,high
85.84144143597833,-0.5494053224353332,0.6598536981160461,994.834567605222,8.921860080637199,low
88.1298790627493,0.44802450436869656,0.7751160325605838,993.0345649741271,11.20371364809014,high
139.54921357459781,0.674766956610851,0.7500137602144962,792.5089168991516,11.524951100530362,high
112.24623594942199,-0.8384292721243791,0.40437605512068886,1019.1931986964942,19.377216692819186,low
142.6619641748316,0.7641554188762087,0.6767767054236471,605.0111257538446,10.962445942125038,high
119.52236228716461,0.5950344081063581,0.8161518986990476,612.7530404516685,3.497606701877416,high
144.55822768313485,0.7393685914139307,0.7488007915799035,787.1862591765798,17.580366149283144,high
83.77226600857757,0.3968571091576798,0.7929004436456905,1224.3915340217839,13.797037496104094,low
119.57703722241064,0.3483061345879295,0.6444195110127369,890.8129066345514,11.475958261786442,low
112.62584949728951,0.050186466689727594,0.6207432644519169,781.158547583557,10.25113853255562,low
77.44381765635542,0.30557444898263,0.7206372541676922,1236.0345003016616,8.212297375772458,low
65.2782718245959,0.8382193291332103,0.7592837303473189,778.2653911991154,19.752192388345968,high
144.00121623461317,-0.7989559971665832,0.8309944555512668,1408.6833093214987,12.207379554640147,low
107.71666662237077,-0.36847104430781763,0.7671790190853346,722.1792190948136,5.048995426074101,low
84.22019014234347,-0.8550900528082563,0.8522009733637778,597.0678176871747,13.310960133140966,low
116.63373720768337,0.8896103438880769,0.5653146896254628,808.4095062870311,16.82468680813936,high
159.4806600072256,-0.10946906800122402,0.5691538401729362,787.7289347907457,12.62573867341399,high
40.174175411982695,0.3506889413523768,0.7213871135542061,648.0700059126792,8.393626111218746,low
67.61764585338358,0.6822401290086428,0.6174096300658389,1500.4935195396092,8.035702855901372,low
87.69897453366563,0.9820004961529771,0.8348529049536205,929.6566419513125,8.330724289123058,high
171.1412603352115,-0.6764350844154685,0.5150648984639269,966.0623934178959,18.086631988187804,low
129.89054440217538,0.5990252114364574,0.7109557160683467,734.5301832157697,11.713343779052702,high
146.85610341614293,0.7748457962734727,0.8496933263778447,705.5826538137176,5.285102341285479,high
80.09436783058193,-0.9022492462982488,0.8730814544361984,1106.3895889294251,13.536535703377856,low
80.81624436553159,0.5081811203711468,0.8703888430186848,431.03955685255977,12.564147142294209,high
135.67348008529487,-0.29054935760689937,0.5693654038699659,564.2838818024079,10.204418132466675,high
122.03960158274063,0.29719358294086407,0.6703093776092695,788.1728735981113,7.918372975644756,high
139.20585866024442,0.028096392077729515,0.6055223279637696,1187.761826408578,7.744420400908498,low
113.43151531750418,-0.48051549582672615,0.6688727153226883,756.3707567576315,16.346535261865352,low
129.73503042591196,-0.7295572759920279,0.7736798808905164,954.0378893185491,12.99005142322039,low
125.53416797167883,-0.7661055338215834,0.8841089388639267,856.9321698470229,13.914574658647137,low
147.2218586179724,-0.7933542845830166,0.8535604664348445,1174.0646032342022,12.97903523832048,high
148.24528986805646,0.2755800802691555,0.8984437306930285,453.8192454467697,13.310754819647288,high
63.304480196288054,-0.2971782972009238,0.8557756983683211,1033.9908009306941,10.126421346287035,low
41.34560056307006,-0.5667331235882551,0.7539134145609954,800.2752675643507,11.176682582076895,low
155.06108891780275,0.3837701854118061,0.8232479329398287,1081.221048479852,16.659647221700173,high
161.57037826416777,0.37369913153293366,0.6460124763327686,645.1794734749211,17.658360671276448,high
84.27819431703318,0.0783365847139954,0.9511648897597628,856.0982674657096,7.111632048960998,low
54.905760770903,0.8699156337317018,0.7662767516783021,824.373322271829,11.16696466756887,high
123.46621873525203,-0.22917153711715743,0.855341213698265,599.3911321698969,15.35714143597466,high
152.57933792226854,0.671725942538586,0.9088595356152274,529.8967467632591,19.528318928862923,high
182.91580828520102,-0.8497211841356074,0.8812716310793653,704.8971595342144,19.127838325322998,high
138.0704150235508,0.4796621880770089,0.533361364091008,882.4827822487499,8.816968740214001,high
106.98991561950068,0.97689482766386,0.695560834957658,660.7719439238768,17.1001844728233,high
88.74042824452981,0.6931964325756337,0.7479057238930163,767.4816092430456,12.234545208428065,high
120.4007952084729,0.15932943862011872,0.46651335019781176,378.5506613791073,16.177666555502952,low
109.52573536401603,0.2535321286543213,0.6254342665196829,757.3375198790675,15.153114723285146,low
84.47262329949143,-0.2934209011261064,0.8325489784541663,1105.8966616562516,6.9441438297409475,low
191.70644778021503,0.35897043651620786,0.8155322985240572,1026.2950814925207,14.199895826508703,high
182.4808940725246,0.5407907663626541,0.46270953883136096,828.2695157432141,16.022786364677156,high
159.76170392443998,0.9964569622357078,0.665401973121093,910.9131812535408,11.919378979888672,high
87.77023607668053,-0.015074165999134026,0.8600928156084687,642.9349011014607,11.014734290773516,low
149.92567635040476,-0.8773918684531155,0.5069063377118919,1256.1096708228501,5.713344352907646,low
142.38692433242656,0.19171590146197048,0.6863115801263973,1366.9406266284764,14.734470066203738,high
135.48909684714187,-0.7619517000356628,0.8586839462988255,891.2059076764934,12.834993471255643,high
163.7382843465322,-0.5104699128877799,0.7365194239231617,1497.671459015373,8.311264341159657,high
142.23799000014472,-0.3424401773885255,0.7306029722635868,679.9544071161645,10.6966400124944,high
145.90049827065175,0.4620597462968212,0.8300665008510176,537.2301899827618,12.61801299651109,high
142.29171991802735,-0.6323837522429989,0.9230853019827746,672.5940614764705,9.765456843789318,high
131.9276992800737,-0.6684941063152949,0.7913469712898994,795.1274337312523,12.010708510039565,low
57.57361046000358,-0.9100715150023451,0.6097619472321368,1428.016637800741,5.000269411186204,low
122.9267377093695,0.7464798727077617,0.6445072608654553,779.7102181485102,17.39768678740782,high
100.53328144028062,0.3870108487121213,0.5323153205960612,635.0860467989946,12.063637139865138,low
75.20556648259928,-0.920107068764747,0.6308918902763806,625.3852851056408,7.602585974038758,low
178.86358167552885,-0.9434153887237708,0.9010571277272497,1135.0055280108202,2.161164606449269,high
180.51483693099962,0.11734859295011213,0.8179039536155259,1099.325437077259,16.11653976413357,high
167.5727210103464,-0.43493119742657793,0.5434702426880974,728.6304534115974,14.232366210894568,high
128.93246958995562,0.19345270086385757,0.8768427021535833,381.05397098071114,12.842742853876205,high
167.271879233343,-0.13079164863806936,0.8632351672025211,567.8516138226788,15.454592005058418,high
120.4218613210639,0.8466251246205092,0.5649875343851993,1280.3109593748857,15.443593585186846,low
127.09790469142227,-0.4243819700772642,0.6407724476982608,1022.2019711373677,12.77775228021413,low
81.7285020338306,0.358290736877787,0.5829146333237946,866.3653438895763,10.983143130968731,low
133.8946956574594,-0.8918913767628016,0.9760469324032611,1317.2082932877645,10.331433605538969,high
122.1135074948546,0.9117210683778507,0.6749237895658099,1339.581568202879,13.683768095620797,high
74.40717591079374,0.9615149358167043,0.7100256215987678,841.0150995096753,17.588125499517396,low
118.2081010864191,0.4781492580328248,0.7158250086441574,845.6070598670833,11.588387314736117,high
117.2094652650117,-0.0695750568728537,0.8032826053046815,704.4883294719808,17.90590962366689,high
182.9146408325624,-0.5600131213454773,0.5000732219052262,778.8491781287162,13.492609893809648,high
151.29746649796934,0.6250326804959294,0.6150175152642173,478.4187560499697,13.522763874066646,high
120.4005903682013,0.47270819429404454,0.8143176170844478,477.40340595398504,21.62043786929589,high
128.7075558430379,-0.5560919208781019,0.6798234416059864,419.3352827735246,18.61071286487373,high
121.54743323364693,-0.09756941168546862,0.6417492814770162,1121.084251729861,18.71443697755286,low
112.89801053215582,-0.0744021243664299,0.8306021200623086,459.6494442718592,8.809545366532568,high
82.11504809140996,0.6528210999454183,0.9214246985416912,1337.4905746765387,20.768730008625162,high
114.71318428375747,0.36768936866815305,0.8293640559939016,667.4055272001486,11.671132823520173,high
93.88656101716204,0.28633508708011024,0.6854920654458349,1284.337476695634,11.090035280985974,low
76.23895613768988,0.2996548451265568,0.788418852619827,758.7364142836313,3.363006346347044,low
137.8927635091637,-0.4590598412350422,0.8836002555451702,458.4533072698807,13.305163298215291,high
133.69426309766322,-0.256577480340932,0.541920909531823,1170.9447245163674,7.666584167589441,low
57.46523710211727,-0.9086754291265877,0.6926540991644408,1200.4664069083062,13.633015314187963,low
115.70603768767054,0.5738822716242475,0.7469486238852919,623.4872499332473,7.353739467049233,high
154.8495485064973,-0.1340035696603723,0.8091637696874272,767.0869333506373,19.190799351179216,high
157.07283086137122,-0.12352328582485295,0.9225589009211681,623.5510158597552,14.206295851506916,high
155.90428950098337,-0.5092874701327466,0.6520003605823067,819.8683263855703,21.119486302998304,high
121.3619622415511,-0.5811454370811422,0.8563163432789725,876.9572868602137,7.907903874029949,high
90.42341352107971,0.17564385913805847,0.7234626446109415,762.1542352211428,18.1967169788319,low
82.07054104246788,-0.5348939695926485,0.7680733624886308,395.27715115228676,4.789150331868693,low
132.0611716662625,-0.8715822968690712,0.7704416821518802,704.7801712274944,12.832301905897177,low
133.2748012027807,0.5350148319617967,0.5546425154368609,1025.8796908885104,9.473507520232197,high
165.0565889061773,-0.24706113118726813,0.6537619440825434,797.775114351021,10.20817385899857,high
158.49928776197294,-0.2395288322013911,0.491464637658929,768.1398431095736,9.934014328364684,high
115.37199702140897,-0.13736343696841735,0.8016014796054098,617.3058637423088,8.341135258594683,high
76.45279423986958,0.6300896468161876,0.8449474210034139,697.4871577005958,6.96124677339723,low
108.83126910461857,-0.35832620812036575,0.6926417712287756,1202.23702664549,10.230292772274122,low
127.60309181836837,0.5160724225156721,0.6704275872880243,565.055685799473,12.464113589147484,high
112.92708641137085,0.8790896815590865,0.8607440443667105,1030.2057741713074,16.654777426504076,high
99.77370621728204,0.3217363918495988,0.7942954499557439,861.7638052258811,13.181401586484215,high
128.85096852394645,-0.13663783764595072,0.8468648512241379,911.2026657803505,16.666160805177544,high
102.36147905062863,0.4955794462933294,0.704432669383608,666.9109297463456,6.087292512171599,low
98.01768706961191,-0.08420526049722898,0.8547398409898322,762.0556584880208,10.268122377165032,high
130.90084920062037,-0.17114545778371837,0.7914320917680828,848.5699549570106,14.844019676545699,high
105.93025969547783,0.05056632714536646,0.6891758312467325,719.8332588477009,13.372763023165433,low
128.54365361424232,-0.3645553303814124,0.6352590268039146,932.8580260091373,8.55529954136329,low
129.5621407998243,-0.7914995674399976,0.757286588706077,964.3597540307677,15.736275568663608,low
80.11998496179488,-0.17029598894766962,0.7019524224581953,1393.1766559049802,9.874907272190075,low
103.15656066471057,-0.7522862377413961,0.652762390301086,919.5475073405928,8.890545754425116,low
170.32219289707618,-0.17911705288910662,0.887174311180457,371.93933612029065,13.947791041987232,high
79.32721705429995,0.11386744242690061,0.816953972307083,1140.75477020967,12.024677461336942,low
45.917094286031414,0.8614223624112936,0.8492445740373552,799.0323395909519,9.90835065988556,low
54.83541963651209,-0.9275553379093928,0.34145866926937574,1352.9813407342135,9.77252589901158,low
121.01884813018343,0.24291681300388834,0.8371096590851193,1217.731113126327,7.720812800773207,high
121.08210473114447,-0.08452962669984543,0.7070523860603419,723.6831540721084,10.417007015764542,low
115.88362006012076,-0.9594777435917217,0.8177193340699924,1030.4756959677939,16.400037741949742,low
162.49664401249757,-0.5009036481225593,0.4266512829886928,701.5112130630281,12.978201851952656,low
26.450794841397173,-0.7630294952903969,0.6268645772536032,850.6727066036734,15.834376323109382,low
133.8576856050788,-0.5664117085371105,0.7225642363399541,1018.9962035884885,14.064274150698806,low
174.65033706312508,-0.45085951307816363,0.7288543199626352,1128.2500515116276,9.551015172112722,high
80.52767322879001,-0.19738732923560742,0.720350656047022,1073.80145722156,5.403434900863028,low
106.70677208735367,0.05807878697778057,0.8686370919599777,868.747407978207,8.292582541184817,high
93.64878289699827,-0.9980200121472278,0.6581505758825614,1470.8559750203042,9.315056755609922,low
88.6978883872865,-0.6762612787425184,0.7208608886223496,758.7448983682276,9.00566851883336,low
108.5808298241936,-0.8128672287823986,0.5794389367049158,448.1998420751756,15.924079707438882,low
169.96198492895766,0.09934679852548745,0.7938520686020645,496.32517619766884,15.882353867398809,high
184.30853364206322,-0.34185025919746037,0.8272587216142027,1218.5019325305857,20.847518561106583,high
108.24212712359483,0.09679547206943617,0.7916659157909016,830.8367700382988,8.945115315230458,high
186.67710749225645,-0.5563533956506443,0.7893055757754369,889.764374513523,18.38979322425766,high
121.24517669446188,-0.9515412918248303,0.8275687432797757,714.3690300189159,18.36506882265652,low
181.37918593453784,0.8827338025404936,0.7607538574164233,736.8243801752025,11.070944967844545,high
116.73454726212779,-0.783383757622012,0.8733745458925862,653.2260347626762,13.894221587760939,low
124.58702391161505,-0.7462825040765664,0.6159971508200053,967.7877033325221,16.96293299656484,low
132.7916065424992,-0.706906346979719,0.5085604681133661,825.6550206157249,11.764301509350956,low
231.25987877786375,0.9625530479865454,0.6837866990645567,958.7513444508503,11.45443289114143,high
149.79499511956763,0.2353204803399922,0.9249801695688025,934.8595963293708,9.490650315530193,high
95.24574145169878,0.22057990340770117,0.5079969284709784,743.5303165917759,2.559845925347881,low
153.91492545965502,0.9733964030370592,0.9531621161426754,485.3173436743032,12.281886465953916,high
107.33586120204805,-0.8231224614506905,0.6028976856235483,463.5501010001606,9.160522690186294,low
102.85874359845768,0.9490017850845782,0.7184437638564916,1606.6628979237664,7.698605505532689,low
151.8010475962239,-0.5919737068919182,0.6903105898786239,1219.5433611058274,13.688766600577258,high
121.08799557199035,0.2461430071240709,0.8399605523635829,1185.0456417228036,6.194751036715608,low
129.7501570079132,-0.15983286939441665,0.8164435264132529,681.3482982532762,15.224319565122471,high
120.48948276528523,-0.23209637304564357,0.6840740760627392,852.37743344078,13.934397261042085,high
131.7804094311902,0.8624866569589251,0.8876805200683158,646.1593019042073,10.399227153210992,high
134.87380641026522,-0.7015445431194871,0.9342988800024928,521.9794762085273,11.746758988622163,high
52.20615735531047,0.9941380221524871,0.8314322625886318,702.8066199060748,7.239115623383031,high
143.33004340133368,-0.24174987781690294,0.7210423349606389,1181.5462408573947,15.001354413461504,high
85.62932030593947,0.2975498077771088,0.7673312556556738,1060.1863417309924,12.749456964205061,low
69.5195302554206,0.9358134629667203,0.6675169293739948,607.4879995944946,13.047399818358176,high
117.95560646494611,-0.8847978992420504,0.599842206919133,771.2959874606312,14.00756151869252,low
122.93933511600589,0.8457287258503812,0.5073875786236359,1037.2807929841451,9.430338344433103,low
95.72728423997017,0.13562277070868656,0.6887911704192896,707.2571512031657,5.923766900316264,low
149.0861150183791,0.4087937579549046,0.6378419335664064,869.8965612081826,15.829273499650522,high
73.02386917701826,-0.7016316322273033,0.8613965566566613,950.461861766203,14.75487365444963,low
105.75696879296044,0.06677486166206448,0.8634603798877889,947.7326379610328,9.858564786916261,low
99.52940527734498,0.34702742945048737,0.6917650295250282,913.5363569225715,13.63644079652016,low
118.36944553812312,-0.08750538522463636,0.6317937039213465,686.5757065543725,17.0318937548718,high
129.76024996265335,-0.6900296437878866,0.6414337675629316,712.2563531202961,16.55480321233576,low
84.72374676317594,-0.5117618498288468,0.9792261064318345,566.5875371198437,9.741764654272018,low
145.349893710968,0.708785581986997,0.5711895017451752,459.6658516244319,6.044955818262995,high
122.2050828917145,-0.9310580143344744,0.8633751236534261,821.3128145774427,6.731139441612986,low
53.781881134083136,0.4177241568816248,0.6588149611662979,1054.0649036467978,10.753095948179556,low
51.44929958610391,0.9987800730290537,0.8851118340606302,504.9294014615133,17.849268533148635,low
119.56882474747411,-0.9850340077864668,0.4895200381828387,918.2433110310643,9.086218351434528,low
112.2661438774776,-0.6779086343601202,0.6882137245969189,1046.1578033458488,9.61468858796258,low
116.38029602488783,0.34828860178626897,0.8389784155987183,390.8165577946636,9.532355607526727,high
119.02061402144237,-0.8800183308293035,0.6248100787898159,782.3547249659453,9.87307681484533,low
127.89459438285633,0.1795799677117178,0.7213337741814675,1261.5525501145933,11.95509262365349,low
153.1677363446905,0.36800020712211223,0.4743945478574684,987.9852544393433,6.8797993017929775,high
81.11132846788546,0.17629269622814037,0.46239228408507504,382.38571273442795,16.337439825307804,low
78.98099424847219,-0.2696305939578656,0.8028275455835129,1014.5848656029027,11.420715687961414,low
81.73366497394161,0.39456459197327787,0.8029885577111835,663.0658014429177,21.91653829890134,high
130.11208335090475,0.18858885602764097,0.7901145131955721,1022.8267325231899,7.30571600579994,high
163.5731582526256,-0.5847256558121605,0.7905749845385109,677.4795583498066,18.359464687299635,high
104.90311966161714,0.1262710871702195,0.8696872335056992,836.7418888970087,17.565381591945947,high
32.44050545441209,0.763814434277855,0.7951583274121737,715.6143078592627,10.353263964617405,low
60.36024980863686,0.33366657138089995,0.7861307058846351,850.7894306846264,10.41975754595253,low
90.8437147021396,-0.05641698521230576,0.5713593817350288,708.179956522247,8.314808735480414,low
100.47948893766748,-0.3568317942610977,0.7509728582303989,794.1154396113806,8.36071429904178,low
105.70639804608457,-0.8282275811248543,0.4897571712077751,556.0987479223306,11.997576200900568,low
121.3503393043321,-0.5107457344819426,0.5660377009416433,972.6648988534979,12.082783936985445,low
109.08887842121435,-0.9776264938262462,0.5291160202099923,893.8213021609813,5.590578932235341,low
156.72688636901924,0.9732518350499288,0.4254919048854068,445.8669564739622,21.174021293303454,high
96.3393943011521,-0.5550354957425201,0.7292005617127061,1098.2291650504817,10.961932571347752,low
89.818871418356,0.6297518853707453,0.7791984333412267,805.9280100863758,12.262449108868754,high
136.76064384821615,-0.6627102363900428,0.42836916318896523,890.4405990589775,9.495050266346233,low
66.25252755258583,-0.43279770078885216,0.6408466804357239,1041.1404180072964,10.931961843632664,low
133.63920968620008,-0.1634453615432665,0.70103384289815,932.0605605899959,10.568487555023166,low
123.58936143041934,-0.3511886717167898,0.5262294205947906,1141.3007896152249,11.988278296698958,low
114.83951285286415,0.5967016255197222,0.8480318614614087,776.6761194486472,11.941640358287541,high
175.5896637502242,0.9153868160308463,0.9070669149745264,1108.60734655676,15.219465394164281,high
98.22273941468487,0.750588967301697,0.6789711561059613,880.7311544518302,12.908879748395105,high
192.11043596834276,-0.6928442661044869,0.7272670817994729,976.9083561266729,14.817132081598013,high
112.10989927701652,0.5533773526985806,0.7224184444730611,950.907293199476,11.960756712778263,high
75.30442442604202,-0.7041061733905771,0.591141739399685,1160.1825813273815,12.925010220423564,low
122.44718533481888,0.8267622131242027,0.6081443924925285,1030.3530933898235,11.034777269266915,high
82.33141798884311,0.035757151337156845,0.33290068967978975,739.2636299225385,16.012446937350596,low
93.68854532652749,-0.3272378238865865,0.8656000042030156,689.683239000038,13.290489718063698,high
133.8961655005422,-0.6859490053316144,0.7926567178150808,837.5614631012918,11.367700581948398,low
139.44537310275436,-0.9763818236419908,0.9467066547316794,659.9746397301882,11.248359461794717,low
98.22413049110096,-0.5041060166782305,0.6218583012319295,586.9519496684132,11.563042635012012,low
154.55918007662402,0.8280401265626238,0.6102063277134201,317.9868826754896,12.121775694708127,high
160.51277153073968,0.594524384544455,0.7812330822698327,462.6843105428224,11.774555595124319,high
170.27056147971518,0.939587415501439,0.5284392652456723,1346.351590277881,9.76463337915456,high
138.52946924940028,-0.7984769577572539,0.860582018260971,685.8749375925557,15.059602221073044,low
167.72000492299946,0.18435748701133892,0.7640168626024241,1325.8650749552862,15.31230397019268,high
54.17205502090798,-0.48569905193844676,0.5913403252918856,950.7886502888949,19.135427351602985,low
108.87327079800382,0.08588341154481482,0.6042790625730508,837.5604945909738,9.585481157420954,low
89.65481602868007,-0.3590902288730897,0.6308495588267222,474.84872079469153,14.665754900608423,low
124.17290513945872,-0.433068899513285,0.6311954347358231,851.1672238940122,4.363450734869271,low
99.99927732811419,0.14769060404919498,0.44940251388680313,1323.0459417420575,15.316172260087551,low
114.18447553175936,-0.6333636762609194,0.973549215717694,1239.4091860041847,6.17367153997126,low
185.87612080714172,-0.06173312605576631,0.567972127883999,918.5596631743947,8.062675585710858,high
114.05980712528675,0.30162453008806955,0.7506684611190786,562.832908523746,13.328901316063273,high
134.4827311016575,-0.7436358536343919,0.6240653879715211,610.7086636877119,9.514003858310751,low
111.87057345265177,0.8611885417538081,0.46569057099411376,636.8520391518849,8.96658595998836,high
122.64996507848917,0.011449398908249586,0.3471699629005785,1169.5387318406752,10.060735910006617,low
120.2105838152625,0.6390559437686845,0.887214176281333,1257.9301090271897,14.918503967674102,high
135.6913423090606,0.30781086124212664,0.7103577260863059,898.9732087418964,8.268438414329026,high
160.78576374415118,0.42000188244509107,0.5681756501860161,774.2298911192116,11.783380543109857,high
177.65878991611652,0.43226188198567606,0.818496904013737,1237.177624165246,10.485374861842654,high
130.83670286682084,0.7501997941229452,0.8738969207621324,605.3566147837613,15.279563085316054,high
140.63414101124607,0.22721087009384822,0.5690308153382173,862.9558319000914,15.391687016331371,high
79.71974217850516,-0.4435656965572208,0.6552196776375476,965.7414998865327,4.6588728102555494,low
116.92431401545328,-0.8009807142690857,0.8170590402632893,634.2998482059002,16.18043767505726,low
152.9101312709256,0.21250123890028294,0.772455307720726,691.0214446521732,9.556976374164755,high
150.30890234460037,-0.8672943924588379,0.7746680867318473,671.5656052030993,12.945168794386696,high
127.40634064782675,-0.5174130966209396,0.888101082243736,1204.1817139970215,8.244365038466814,low
151.02378858487833,-0.8785856307961766,0.4199307105702819,1328.5918192642719,13.484538410839132,low
137.17683481478366,0.09777517801313418,0.543005532122197,878.6981325591403,22.205395814484408,high
162.01071903907626,-0.6793237501142639,0.23693732226823933,782.9453532393031,12.508662245140131,low
130.1275704934989,0.22081463886694652,0.9331213644839844,700.0397312516759,10.160609129414572,high
107.55055895501378,0.5817302617265352,0.8622575268884853,850.4365783625823,11.071355061297837,high
131.75444399265584,0.6437614415437247,0.7105214908604035,712.4445621408026,6.1238801710479205,high
20.0,-0.38091298372474514,0.7044445957674419,825.7424394111948,17.795853144657833,low
133.40100077347674,0.09790906538899202,0.8033914544110902,953.3082057509808,13.251532430386442,high
20.0,0.12602152017271795,0.9155462172947703,748.671764302408,7.804408374808613,low
59.67878074081037,-0.05422563569166683,0.7548901672746633,802.6029843464756,7.934726839484988,low
135.81190103293446,0.3102277828495297,0.6741852486386493,803.6363787319239,12.061129516595305,high
136.71352680433785,-0.5798257523529329,0.6926038759518295,770.6091413184653,15.727981573353949,high
79.31499269510243,0.9584864791735885,0.7812938440652273,739.6380307459473,7.396040365052115,high
95.07642853423714,-0.8038403458181351,0.5792931994880748,1040.5491507342015,16.453637367468687,low
167.96893460149462,0.6584422824062384,0.510835667185707,407.3159927558894,11.633465792172386,high
103.05894539495634,0.18819197390237563,0.8093655218622303,1243.5699647503159,8.279026459971613,low
198.50221093410448,-0.5102905056125682,0.7919395903616379,883.8823658007493,10.129238293708088,high
119.93280513882789,0.4913500013205996,0.3998872152153618,1002.5043939966287,18.994215508518838,low
134.28126619084435,-0.8310382086458561,0.829510211873691,1031.269445787219,6.447146653818651,low
176.59060394745126,0.5488356688975662,0.6324563786479471,672.9852099923572,9.072428176215414,high
124.58594906676969,0.17997044448602706,0.7701206122281937,621.4103609551896,15.810334338539683,high
84.91796067582196,-0.7784993632071968,0.4817236469486897,591.9326788365432,12.865828173814538,low
116.15953919069985,-0.8409888738152596,0.4284213210442204,788.2329925428529,8.835036726967791,low
118.75362423334681,0.501672666872925,0.7164768356252996,1024.8011728877573,15.859172945459292,high
72.23404217294521,-0.4141281869923257,0.5136780274793987,704.059493694794,16.04918293267672,low
111.04587750307118,0.7786037015344269,0.3977843733636829,1001.9829100445762,13.325562674072325,low
94.02327671008972,0.5241460420603521,0.6053754675380667,258.0196952847003,9.550413649665943,high
152.3525215015602,0.39638048943543214,0.7644179764388475,753.6081995061876,10.166781520662568,high
121.21141559648395,-0.4427878947330981,0.38033021248477417,1141.7843419028907,13.138704261193594,low
110.10214877983505,0.41788903804323585,0.9147650724349513,807.2571777417661,6.752283755146482,high
116.28363242820983,0.896295369029668,0.8509420449400815,642.7140909584583,17.31113952453245,high
127.80927064421581,-0.8168803312588622,0.5746459027974715,685.7891944656008,18.800836354703353,low
141.5884969891423,-0.3476747159928679,0.7625019388141324,100.0,11.056180600638918,high
85.01007199657165,-0.5306554690768117,0.6118189315156937,597.0495073970199,13.424417969723226,low
83.54443285825549,-0.2134997311986666,0.6813223763661189,1114.3103431281456,16.743208171397303,low
158.66377253908854,0.4846653097078928,0.5817172226118633,704.3493082759421,19.822243354270753,high
105.56820947283443,-0.05151483714922689,0.6893752906203204,733.8639094996936,18.227925341962795,high
70.4105267591094,0.14146121224049257,0.8439666742755615,267.046953240898,5.057849946564829,low
135.53344482840868,-0.3716902238433153,0.7607818895646599,442.29055172185946,10.737785246689924,high
136.21794321114405,-0.7174214658257989,0.5623374780134068,1147.5122946499382,14.002753005932876,low
66.42496599601527,-0.46613270212454294,0.6733925356264134,1004.3235201653903,10.023130812392274,low
128.03186004122622,0.719360602483974,0.9447835840196572,525.6402421401422,19.131066980161457,high
145.74540823499308,0.2048339243068209,0.46556668562064274,692.356902106695,18.51750069121053,high
133.1035258097192,-0.24402265360553255,0.7860641020941401,842.7069142503042,8.73627943496508,high
142.11935193164882,0.5798119634711751,0.5268357281312085,550.968066960811,11.350399920377106,high
70.85058156682378,-0.8710851350901825,0.7785951405524315,348.96402912159976,9.001783455241451,low
131.58640542486685,-0.49221782415522863,0.5628136875000755,810.1974031401411,11.219486223575322,low
109.40830841853438,-0.5397936918853214,0.6232124719766728,993.1521405433102,11.098270602666467,low
103.10234444463744,0.9707291243364442,0.6265414886044147,997.9643299324885,15.817031658987434,high
150.46944632969044,0.4121971647855205,0.4255599098679431,1068.8093463855366,8.446141345064662,high
171.77460787359806,0.23557187277710834,0.9610376645313516,461.6106845550441,1.5330015801769452,high
182.80295191101257,-0.9900300694110542,0.7017224411794424,864.4754774567347,5.58182767106072,high
166.01827550270667,-0.6313799958202853,0.9674065676987247,782.8871589427196,7.88679354917308,high
116.15930364294357,0.27108258594615653,0.7861080606382815,828.1948286257019,9.377233644011714,high
132.345205705922,-0.24056134703666854,0.6552342078394046,797.0545915914656,12.748697602460853,high
146.83880051244853,0.8485607673581217,0.752759080764947,684.887954848121,7.680824377884562,high
124.24122822548117,0.5294484382835158,0.5597457155286782,100.0,7.1555976389602725,high
124.57674657690406,-0.10523185439176008,0.624348458543475,1140.4572551426684,8.28221032939156,low
148.83135961566637,0.4990299550765409,0.9459238551213431,932.4975413687722,7.537383995360875,high
117.92510738909237,0.9508086476524431,0.792187774587005,478.92755311587314,9.782025022817418,high
94.47495722692184,-0.07803835059705877,0.770102776383592,968.2829132481887,9.610850416419737,low
105.49344269574495,0.28505177577706675,0.5284065048508062,738.1737982496325,14.756227267895243,low
142.18686322068098,0.8373292301225903,0.7943570160897694,745.2569208955675,8.04188245972151,high
120.10476519199845,-0.5026506759276534,0.8058840248849829,657.8963496277419,10.569613486680915,low
131.9073491903918,0.7731158273325567,0.5927771509736471,984.2326181630661,9.819909280332924,high
143.45277347707665,-0.8049105864540347,0.8668637438094654,650.0441071209502,15.23553990415027,high
106.88054879858366,0.29689634117529295,0.7595439963924165,575.7913284773499,11.382882895929184,low
146.4686857270432,0.5656763101115687,0.8021651151270065,1132.936202651499,16.202786893596777,high
133.2594911210438,0.22921243850485218,0.8407357402166155,805.2796475583187,7.390519295980765,high
76.78154195809825,-0.008930391694913942,0.8231435704666306,813.128402501948,11.80253356626072,low
170.48066769151856,0.23469419985137208,0.7971696523186492,1023.1160300691663,9.69643593188027,high
102.47393396850794,-0.6966725824411109,0.9417277252004057,683.1033247884559,7.095815608457585,low
62.07166298851857,-0.5688585793395633,0.9130277189707313,732.9617068382786,11.72995583605977,low
83.42347016447943,-0.4602013120873161,0.7792739619086057,926.4288174307089,18.931711032940893,low
84.26341937625872,0.19555868126007625,0.6774349468773162,464.6555993840586,8.588364788295468,low
121.82606615301367,-0.11619785250985903,0.8884500629027129,905.2747616920536,11.490180072648934,high
110.4152323058817,-0.5110483150283209,0.586692165843911,661.0721352046581,6.751073521629795,low
108.21088113257925,0.7656186642891603,0.7900829744435625,1063.8681481137871,6.163088912383963,high
141.68956879188676,-0.2521563194135532,0.7336151642738199,986.6658317124773,8.850990682628396,low
131.89563764174463,-0.10793656154021769,0.815853458288544,953.6370892437575,10.200067953483277,high
131.06167547255,-0.18059784690201086,0.8334263465762044,448.2603378613607,10.3776678362754,high
134.34399600650426,-0.6361140894464947,0.4029825326372428,824.151151206545,11.095899939683095,low
141.56471338007833,0.4632540308604667,0.4622259026117469,555.6833598964307,5.406669437186522,high
46.221633037789495,-0.10308347546228402,0.7331115788786328,840.7840242557435,9.496215153972111,low
107.24466117074385,-0.9674857802145631,0.558662562356104,271.1800807775653,14.0070338936147,low
43.69264774286841,0.928027404719594,0.9210617474705921,464.79193290618934,6.567019708421849,low
121.26209743792283,0.6315272231908273,0.8590408477509331,1147.2584022100468,10.579417220619716,high
119.83784597214792,0.44711870818360655,0.3931984630500808,942.2632940016401,13.171375039752272,low
156.5936296176388,0.738183741037058,0.7670622946809729,761.5460381300833,8.870932311905321,high
161.56720374523923,0.8136145072111005,0.41690474902840335,622.8141693284443,13.36609758464339,high
127.09712668883286,-0.3250205872311227,0.9472035599668209,578.9365206032268,5.915494882459876,high
102.48736229110851,0.2219173568333972,0.6151328440736097,900.0389387721315,15.553798291728821,high
136.98063893910083,0.21761561841118837,0.8362276465294386,764.0919226019136,13.463202932374784,high
101.52288269364902,-0.46540066237880606,0.9170471708204008,1236.661795829319,12.222661614037868,low
119.95125719948278,-0.5560954971058656,0.7621669587353482,803.8090699974125,16.499272105223362,high
154.51477109362688,-0.7721854903619558,0.8679051750029599,864.6801230611334,10.68260376305354,high
100.47800289037018,0.3186283918329056,0.9665288156185813,502.87413298615724,9.528575550152352,high
148.19875237348754,0.5618379820615598,0.8992202329766195,759.825193705715,17.490177136388986,high
143.70904790423057,0.5219059590340076,0.8886849861316269,894.2478512669965,19.36306320893918,high
86.58228640042125,-0.3674492456300513,0.8604922571076751,756.8035721967033,9.226249175528949,low
154.08629448760902,-0.5894802990695955,0.6724758169088222,728.5928666064419,11.54502705156874,low
144.4498220880027,-0.09277164309075614,0.8943288456849714,931.7274064038307,16.180170173045816,high
123.567406058043,0.09362692048102117,0.8977543270994148,1228.7058203902473,11.68741999275691,high
93.31867896903218,0.8381742559371115,0.8565663079016431,886.2423425769568,14.378354034951935,high
89.92778934985505,0.7496463085481082,0.697067040908458,1136.0465708682843,15.12161438995353,low
101.18180980839422,0.8321166626036554,0.7176894366324181,1005.4005943796956,9.750781697773824,high
138.9908062152186,0.7005247702719593,0.8246055067464697,1121.0883436669626,13.677098653601037,high
86.55311914095107,0.9291624088726225,0.612906680228435,697.5700191633406,11.975229221960252,high
135.31292870169545,-0.06900000566188513,0.5494094382257891,798.2681262538996,7.132525626424951,high
76.53855648925627,-0.9050530051338113,0.9097662898154242,799.3066073088338,8.0413894142864,low
112.85759954464028,-0.8328759357030435,0.8503425375865915,986.5693091409939,9.390332302414524,low
123.83767141009031,-0.2194477164553137,0.2884793008930949,1048.103205552966,15.714079403210416,low
205.57955507706208,-0.48462581745400546,0.910120768156541,881.2640477779728,15.845432649253311,high
71.79395205678715,-0.6601188172778654,0.7226203897016836,1069.176644343966,14.99965167328647,low
171.52050982715468,0.9064075490172971,0.8614678421426577,709.1671307546568,13.760442813062472,high
125.24448448955481,-0.6091608231787551,0.6820100266003434,1071.3443882247811,13.651305228625759,low
134.3910171305587,0.918758544630462,0.7884711691915935,1103.952360546467,13.11024179821932,high
124.14217696858715,0.5216776806424142,0.7819558663509971,1019.3740864811658,13.630388221686538,high
135.56543863683316,0.28189134425044693,0.7087543575488587,883.5424458703033,13.90145033465681,high
114.62102134732937,0.3520379201787567,0.7987063864292889,1028.3308331012415,6.382311337090476,high
170.89175635101103,-0.337051352681752,0.5587748940866514,626.4988836903776,8.839011416223046,high
104.02350995213472,0.29285407611656433,0.5974721806697931,899.5905660900521,7.884313502071829,low
159.62821002627368,-0.6266157634374694,0.7804342161531418,925.1276192062807,16.428580030616036,high
97.44715079254419,0.875410865071959,0.6464057632294649,517.6210842121287,18.61640041433445,high
117.89118537595496,-0.3964133200788129,0.7967624515527678,968.6460632348802,3.3238083183513005,low
82.48131066984233,-0.48962697541291567,0.9287365340320012,537.7953185795462,18.259258447486644,low
135.9258302121632,0.422325596388315,0.48711738964745743,743.0204255226422,12.346885494126118,low
170.57940849242868,0.31289743613236376,0.8649999601158139,859.9402398190746,16.05087927663481,high
117.2925337062701,-0.09740216331338947,0.7399618976192198,667.3159038417983,14.025868618339585,high
113.10900054536316,0.2648924693815726,0.7862946240076691,870.6385096550796,17.761580214399682,high
80.98840629262256,-0.6810138564782877,0.9090896387320959,866.639247609055,12.838969733429984,low
111.97475712566921,0.3466566148039101,0.7489480385343916,644.9545901602897,6.546182164748333,high
64.25220090974653,-0.45877860960961225,0.8775271444166004,991.9936147060827,11.577300464907161,low
88.04927046484104,-0.45432804664708537,0.8957467562058734,658.9608741734421,14.062624184427223,high
127.93751161381974,-0.6756401301124308,0.7183008177401511,1421.9935936836737,11.136155593862565,low
166.16546192094887,-0.33524572992767077,0.7572540141547389,822.6302941673488,14.630926888610682,high
218.3223801430326,-0.33749787937734377,0.5603932465341608,557.1764637524918,11.737210445438224,high
99.46952202251848,-0.09164197659546147,0.5389745963461173,603.914558446557,9.61796272354052,low
170.2355054825904,-0.619160990667301,0.6261539953352828,1136.8951161745754,7.656086466753837,high
128.53133681405768,-0.6139849276824674,0.789731054682919,747.7120875703865,10.432738469866623,high
114.70633236387684,0.08347714332645673,0.5061133841537043,509.0590480425079,12.81828659880131,high
135.14080581041532,-0.7422451906590497,0.8198305507308727,1063.4281867819418,4.162432782976198,low
122.16707692879856,0.37779401597767026,0.9046572384643924,746.1065280554793,8.879694357139908,high
123.86385039642765,0.8878942517251931,0.703638262898455,1013.3548777798378,4.013231820902406,high
105.70833930106657,-0.14640875667124353,0.5970175995075558,1083.8915064140317,9.53170058408784,low
71.06616190704023,0.8022106263013535,0.805760686453478,918.6158847021362,16.789258937148894,low
65.97311791172714,-0.8033668177482711,0.7493638101784461,1448.9768489213334,7.255534473084658,low
142.86357091484294,-0.9140847452487109,0.8407081162266516,418.81437676669407,14.812638983445318,high
110.31549684700003,0.44273775502767987,0.8813580527799444,645.5124811820478,23.39530050924928,high
99.13688851203416,0.5220431459629931,0.8745955557433299,786.0124988490106,17.8141525250294,high
120.29769693531037,0.6861164819315027,0.6786136912426932,1415.2933821520303,12.534053521564847,low
147.82262885204696,-0.8863646432000372,0.6203478293805574,1299.500617525553,15.43373782318593,low
126.31273800592393,0.5538141099136609,0.6768321580608102,1172.172716848479,6.521268790252833,high
97.03807721756614,-0.24692253440683642,0.5083307016483435,651.4690148135224,5.706341386357783,low
162.92025344771324,-0.3933247346356028,0.8544448899451499,680.6213150573925,12.114792436317575,high
175.27149260435712,-0.6539521573134062,0.5002257702534955,642.8599912148865,13.594442253873645,high
137.30948293629987,0.9920315102050541,0.8186792513963145,654.1432779898093,16.37761713699696,high
154.07822289704316,-0.8726728213622728,0.7727085851918161,1223.1761518189935,9.72495143439474,low
163.4685998884834,0.6540160292159989,0.6350779291797527,789.0582191510391,12.773581937446583,high
159.55347607415797,0.27898887098105507,0.9627377873759271,822.1254588390144,12.636446226211898,high
141.49347119894182,0.4701608885237343,0.8446547937849661,1043.596696730858,11.474423577694132,high
140.9421466476209,0.42343423984359285,0.7884637105946606,434.1180064915064,11.710100495463996,high
138.18812006712758,0.7168689701463651,0.8118045296210635,863.1614553172848,8.581181989441758,high
81.59318139085347,-0.6324158602877834,0.7168662794532047,575.7820678317698,13.118829633539853,low
144.5253104900855,-0.9983507663306292,0.7253203769818204,776.3962698604204,12.780199920780312,high
72.54651101057061,0.19705697808653233,0.39986838147754805,703.3948265101968,10.23995293617586,low
92.18901907062308,-0.2922827213533321,0.8408129668472595,690.5048134921858,14.66309706409427,low
165.62477737328305,-0.7524253377657246,0.5401158271005975,906.3954516765912,16.111326353729183,low
149.4077056942969,-0.6277224917915223,0.9025056241026086,905.3033505981278,14.70950518390185,low
172.0589401390052,-0.3365013750815542,0.6799011754959015,795.0448526915037,7.8302267197571025,high
110.49139657094477,-0.8595332582265935,0.6698889678361828,942.6710857477891,12.398583067447966,low
79.67129055531313,-0.8861735957430983,0.8040159486517424,632.8463647866128,8.354273748546191,low
111.584698102538,0.8320525096648883,0.7364565314604707,1020.3964672598569,12.386218985199333,high
123.5710954034201,-0.3757945012926076,0.7123971756221781,798.4502444605986,8.369853211920343,low
122.76460507190033,0.9644613949471699,0.5447397732575335,729.0841094655258,17.108653349419143,low
159.67881675648457,0.9287340166607998,0.6750436566918869,651.3102970742547,15.133325876079368,high
107.35553512487941,-0.7148574353457724,0.7281401428064281,789.6506348833295,16.611957221369558,low
132.32120651310234,0.4298486057923818,0.7248642606130453,1317.6598142114806,16.206888360781985,high
85.39804976978878,0.2016097782541384,0.8423943161687948,834.1715574743525,10.917601153705341,low
135.76110473153346,0.3812941462103072,0.6118683781603157,563.8991159641403,10.297561025890298,high
120.10879925649729,-0.8076179999710504,0.6644026600082803,1079.7047666962615,18.966895314800613,low
93.75653316004188,-0.6228798427308839,0.3947107471925127,732.0178910520615,11.339521399310339,low
111.74597232388015,-0.846722677098237,0.6029296201340146,920.9397510881176,6.581677430112004,low
113.55384887196725,0.20826841043414235,0.4043645264327894,698.5848623933555,16.0298669346633,low
110.54457047320163,0.9731821516981822,0.675737232560668,1170.1933290357924,12.575102673054882,high
181.99694347936892,0.34396907531588283,0.9149152990407209,702.310060838509,18.02377649591593,high
116.5543899192242,0.42152307004385925,0.8859251746754956,1199.464494644384,12.971878711923395,high
111.46363614379318,0.9691700830865622,0.8835357535774426,587.6848538678034,11.919994050613148,high
46.58921648364504,0.3560231083435923,0.6766491759617503,776.7734035711301,18.10448323509876,low
88.70274268071829,-0.9196368547430593,0.7329364653963307,1199.9989464766954,5.846134619852051,low
110.79243014402765,0.7340112017131952,0.9116902323413605,892.0435561953348,9.658550781587971,high
95.9951563338175,-0.2706434192424074,0.6848514578067129,1417.8664854514082,8.450548112579167,low
168.3597657682229,-0.9912727569705693,0.7615435388022795,782.7148876904957,3.219680885706863,high
114.22717786113235,0.01446835512164113,0.6215904358243642,914.2607132401685,15.492705712066412,high
165.09554872613884,0.8740300017525273,0.8281950453900099,1326.2873180122044,9.770326344068245,high
122.15966219176288,-0.4853386256100336,0.6174188964804765,471.5191958144329,15.6214721665863,low
121.30297427475519,-0.01697365389432015,0.8448710314642564,440.5624917046156,13.556345964938416,high
116.89212433006247,-0.6524462244352185,0.6663607817806247,651.122955697648,14.428569866510736,low
120.13286880675106,-0.8846146566671198,0.8903638124487423,1053.3431723683314,10.17840207663741,low
180.15782510674507,-0.8389101065737736,0.558157090887835,447.53720416701526,8.943007424059807,low
38.813624563707364,0.45402181192271085,0.4646645831007935,999.262264140505,12.359043500878883,low
49.94589894464624,0.7281489414842981,0.6845598665968883,981.6766736222233,15.676672733232676,low
100.98902091303601,-0.7134023214950178,0.8474614526674253,1353.5975583004893,11.798471978065033,low
120.50847586781491,-0.42336286437906256,0.616587600756317,1111.3712313780932,9.19225470947083,low
144.15365486674042,-0.6099410647103454,0.7472483678521323,941.012559374444,7.203927634406566,low
136.55805193096162,-0.9462884461471441,0.5891907226372376,1189.78323378824,12.816652061295308,low
106.55139304918005,0.10686273977396721,0.8334986341315215,984.7259852787167,9.783729860285849,low
155.66652926346168,0.39984434027529514,0.8858972709325007,734.9824863431994,11.71303765044104,high
156.05683911034558,0.29575496177014093,0.7145841487210922,563.8485557377846,11.044884871005362,high
126.44202409450479,-0.22389290539550477,0.495792109057135,707.6585990767298,10.22227610126182,low
153.69301503703943,0.11002049187981067,0.7239073555489581,839.9815313632206,13.175214243038049,high
129.5425842201245,-0.8118013867275506,0.8622564162982661,893.7546013374009,14.218016336576428,low
100.34809406259907,-0.6913925625546311,0.5783069820789096,316.2011004783103,19.861115778603136,low
144.42358936500017,0.8635892391059667,0.8190071525485418,795.1099162690014,15.031870858738047,high
123.87145929025372,0.5230154956397937,0.8712074973788344,857.1454423873612,18.374729317896563,high
120.04689463640705,0.8454781916503347,0.2675180126829983,986.8843612199602,8.725598514393052,high
171.5533750266351,0.8333605689987345,0.7179313563790721,1256.7002206265877,5.596220917091905,high
34.21947550109697,0.2987852342154813,0.6329201934525721,896.4133838613175,11.942278977119367,low
70.38105404441507,0.8564772962243303,0.8795276978420283,622.6092809380705,15.432108976596396,high
78.45253507689705,-0.1665917938350736,0.7644605639555331,395.480154099632,14.804646872637719,low
107.2858773350918,-0.9927675104301181,0.7163600011432198,1021.7527395280954,16.8455262893063,low
111.08871405818894,-0.8748577683076812,0.8422396600873262,632.7281601306466,1.853818564059175,low
67.24360232794334,-0.7810253485983696,0.8587022933838614,1066.7092442903368,17.01190757953683,low
85.51946886912108,-0.8092930936342795,0.9103316404144636,1199.355038040642,13.341850505718561,low
89.87054125167505,-0.2965952182994731,0.764640687221053,463.98130850520647,5.8239466194999485,low
206.0098432226562,0.40254161421871526,0.5849842720864604,988.4731396897406,14.894115386915223,high
183.06096817115014,0.5812976132009899,0.8749492219603887,1173.155602584836,12.677930307331852,high
105.58877038103728,0.18042654868924934,0.7108439512918903,1104.7598313200704,13.524917194312202,low
107.27458483926203,-0.7071276508860409,0.8528023872112692,325.9051407723861,15.996436601261447,low
79.7778600984097,0.4958032042963505,0.633699492422587,636.5869888015739,13.721101473722863,low
53.21543553711566,-0.2903961617248021,0.6292649538287219,529.9548735623943,6.108699606121259,low
115.90919347570166,-0.9740133026564075,0.5945048746375284,980.8681887867627,11.427894920868365,low
85.0751805864591,-0.4388227589345013,0.7932214278299102,953.3316558713743,5.5294193165964325,low
117.03023139182966,-0.3387988917180442,0.7230636377808382,175.52703051484366,14.596247522235569,high
63.992795283478294,-0.4515089295637942,0.8103008165786547,774.7920946680396,17.59188096633616,low
93.33089395914098,0.6237403063751712,0.8333980305163339,1050.1799575852767,7.034192149790697,high
125.20194833559908,0.5198527951881806,0.6637804984865322,886.9939978060305,9.314144957870358,high
132.81733592243782,0.39110406082528293,0.6477252162978384,886.5667298749653,8.470522715511326,high
134.61151855597052,-0.7219898429754694,0.7279591785596141,758.7515783203223,10.184378912246652,low
73.7828855545037,0.615667819412564,0.8413190644683237,585.2647647313304,13.649692632795471,high
149.91400055474466,0.35435192332664744,0.9311764435389877,845.736044027379,10.227723511595364,high
91.99259061893524,-0.6103246270372162,0.5438233555401777,863.0233628087811,14.6101206907961,low
142.15002701125573,0.2961878605630328,0.9598020732904327,1003.8136300832389,16.2615190803039,high
119.62764631836323,-0.032976717992637905,0.8446641972165552,1024.1249810738655,16.407037045317107,high
71.82643753227183,-0.1212998762875499,0.5947152957305579,871.4653547908104,7.52727561852141,low
108.93308033965842,-0.7757536730552224,0.6714983548291626,1123.7270911462078,17.543715777890892,low
132.78773097223186,0.036608551690330726,0.5742494139759374,756.2688329660573,17.864289139504955,high
141.45378831661097,-0.8001363820552727,0.7128455340941753,488.99385753006663,18.210719724948675,low
115.06542358944534,-0.6714932254914667,0.8889666810872549,969.2634173545514,11.368740721129218,high
173.61226117103683,-0.7349073714504746,0.8971937565976316,881.5948885973137,8.992630106758888,high
155.26287698452956,0.9082165581400152,0.45460827675054777,974.2328789199659,8.063035234079662,high
111.01710592600865,-0.43027061911221987,0.48870429817795985,533.887162929268,7.592880453700723,low
146.25426342479307,-0.28959135280798454,0.638267931300062,1297.6990221527612,12.046761626659475,high
187.68277198158654,-0.35583878740792785,0.6675847085407463,1027.6256034159103,15.3914074259617,high
188.61696102740595,0.7965008903562876,0.8260359174969755,778.0007772502184,17.226233763949377,high
77.02000417121259,0.12593182266977698,0.40655832444038825,616.1367135088386,10.057771534550595,low
87.57134110949973,0.8383197978666235,0.7806118557417554,1119.2883526080623,11.845246931678844,high
171.97215753568477,-0.4001501883442089,0.9409137723355205,574.5575544840359,11.583249786394218,high
82.9601632206827,-0.7703306511361021,0.9757779342479841,1415.3412061980175,9.458879000539444,low
73.71106033479124,0.11243690544834917,0.8355264535036301,696.6987650251673,14.942998119042477,low
102.98320542553336,-0.308926016419965,0.49510754934808143,1280.1263036514028,13.451392986492902,low
134.7079348316105,0.6038136669814966,0.6585318039565482,803.881553731821,12.567292700478426,high
116.41611526861163,0.7588468178233172,0.6200021767284272,1245.186677205077,13.433221756783698,high
97.23027328580427,-0.05485297818585644,0.748616126223038,666.282873293371,14.461804991829935,low
96.40256383964218,0.9427180481710167,0.9482925981168715,854.709094636675,14.421748076521553,high
95.0682027455552,0.10602601268881173,0.7610849878591185,1051.1873325426416,8.64604017551257,low
89.217162996937,-0.4581592132273751,0.6836245928742762,1015.5192841739556,15.585314194971785,low
199.85715070466216,-0.02204896931145095,0.2875546874975855,1125.1904584144709,13.021464470722238,low
130.41288749149442,-0.9253794151941448,0.881572850412587,728.1319712996088,10.26153522007894,high
151.03656690416585,0.6080023205261351,0.8024545400313058,871.2020932124527,12.93691876578468,high
102.88228861583767,-0.7971298982911581,0.6951272860149491,1162.0971439995178,13.377909906900213,low
113.49151629848829,-0.3825030229939901,0.5719570686980543,673.6861245702621,16.327134668656495,low
95.02561065203757,0.13063309400988676,0.44772013303269226,993.1352652796005,7.815377486059279,low
27.190208277827935,-0.9140497487062023,0.6341586964176716,795.2099400555625,17.29993741461677,low
71.76967531032469,-0.8413662016371035,0.8036562832297488,901.4685266456513,12.09266542523931,low
56.62834620068619,0.39223271522602565,0.8794393517290655,871.137554103612,9.975386997005605,low
41.257567771693736,-0.8564458138784625,0.4844161613201746,652.929212303759,9.85296760057146,low
78.1624358995664,-0.045834267505246995,0.8832992520538029,784.8267019693881,7.994528966629682,low
166.37344877835707,-0.32260873315849925,0.7002719255099383,886.2330630191765,5.036340464973028,high
118.4447341303476,-0.5438411840871671,0.5078106935130539,824.3190003219678,14.709599521436814,low
165.1697316812411,-0.6224422042726692,0.6193735340421669,1243.1839874485597,19.923545601687856,low
134.38439019153063,0.5268225874651589,0.900048183772712,1102.4888892040904,5.529538604656739,high
147.38955890003058,0.9030843863005651,0.6520507913240495,922.4951246233742,8.198288336278566,high
88.46860516433988,-0.7196405155933365,0.2068871177754416,659.2134543201245,15.006332756581333,low
138.33828339674346,0.9193624383482539,0.8420938683426811,643.9942270255117,11.817452365314308,high
145.5049981926021,0.18952500695020746,0.41002200100687164,1343.4527588201026,15.337676969100597,low
99.81734477182074,0.28332081072651416,0.5220448405929604,597.5286409819514,11.593117907404654,low
139.5839129715658,0.4198527562851637,0.6141908247966668,878.464904537631,9.677490002934489,high
139.81657155011916,0.40823778070916195,0.8633459362929822,940.2371785871699,11.096631557307475,high
100.7656582604471,0.6396222163713765,0.7758887567890784,772.1690871291735,2.471642310976147,high
80.70310487051518,-0.03306269730460509,0.8573937133569257,599.4490588556602,7.42606261740614,low
78.55550838356046,0.06671717502940222,0.6662004827162966,653.7758402483782,15.793117496874807,low
123.02769396725117,-0.3523459950731682,0.6316723940886227,713.3737494239929,16.767599376715378,low
131.445345407626,-0.7894848124337659,0.7771441493826103,672.6267827255552,17.624664220369265,low
92.261595933973,0.32928038185243813,0.6984365383651024,1181.9300982952327,13.76347738579213,low
120.93048694641345,-0.9327800616274982,0.6677349268380586,847.7185016318429,2.97572450285492,low
139.968796264847,-0.44872989783326345,0.8913544963381556,719.049724713097,9.459973883251433,high
141.63667501328553,-0.8115402711077995,0.7571456486198529,876.7395109668014,17.29862270619453,low
174.3158042042871,-0.6185456853545639,0.8108026416783332,1016.9889763237286,18.492216954734214,high
164.6943291269315,0.27746182579476164,0.7996864809964632,763.845073485605,17.450590972028973,high
84.95479985352095,0.25695326040983635,0.9059670260826957,1075.4953237939787,11.054990140920802,low
178.92551733383078,-0.15789017400857586,0.7442760351593075,532.2133064108604,6.773696533701739,high
101.41582234054998,-0.8196560470210177,0.8497513380299858,1142.8259080291034,11.837473640166074,low
156.57054843590495,-0.13325216708118326,0.8869158584224248,847.7619150569449,12.05922807292105,high
122.3795319117881,-0.2945102562834132,0.5377169058215615,837.9969120620678,18.26225928036581,low
105.57477175400614,0.4409183057118995,0.9359118249068938,676.7464188837868,12.911165200488846,high
56.73060990787735,0.15805321639810344,0.49085023900963126,543.0374673716466,12.066724715523085,low
113.99524214242781,-0.016868465326002058,0.8856467278964553,433.33201604615226,12.293980592573835,high
65.42158676430368,-0.026035835390009643,0.7026313152653212,659.3058327625535,13.599435319050745,low
153.85547325449704,0.9325937745208377,0.9568441940979946,996.9183051505881,14.505760344246273,high
173.08774299987368,0.512588443406901,0.7064544256980938,609.6803944238345,9.101850263928016,high
92.10811537461583,-0.006040879079744377,0.730378833993684,462.88795356892274,7.769518421497725,low
130.5689759881745,-0.04155477422204479,0.8877014004691793,622.7336722905534,17.482234085618792,high
94.61129672972086,-0.9470417973900731,0.7214170832744291,753.7916706239212,5.435834822257266,low
98.00303444521236,0.8850185266396133,0.8827487964893344,763.6246943344117,18.55098983681909,high
147.107314635288,-0.3616520564653407,0.962840626536924,817.7767729393089,4.357285210985201,high
118.65116083548057,-0.48812183623851246,0.9752240202550357,1108.1515865129695,9.661835468675916,high
180.8876814675854,0.9988178507753427,0.8520415958680704,1162.3136095228722,15.887415882333789,high
103.12186324539776,0.4373793430090489,0.5015487099505362,1351.3656263473306,12.001367556313093,low
154.9767716366071,-0.905272453401424,0.6918879322110647,443.7731708253579,6.734092784952637,high
123.40946945352236,-0.8762290459488471,0.3113910022714212,636.0290199159164,13.705712616503984,low
147.85223034104817,-0.9489968720796043,0.731055130658803,1024.6212892649385,12.268017367201924,low
104.34948199345186,0.19923779902573813,0.7651107455043684,736.4921961187437,11.13580684623209,low
118.2654406856946,-0.8568709998760964,0.1868656605016399,1065.196617462308,9.504310836868369,low
115.95753922453729,0.8667767136898612,0.4702051508850384,901.7783575287067,11.8615760018776,high
90.73800098039744,0.8738130800453558,0.7968304425458176,1244.8010525091997,9.672313552190579,high
143.17285371036135,0.09210813349615954,0.4747646130009807,1110.6790284831716,21.738130675396633,low
142.75871519524276,0.23327786279190166,0.7574316493238619,1115.2541566397454,11.039931392732909,high
140.77441432169482,-0.4162111969495004,0.762951411225482,747.0320978265761,10.504972184723558,high
173.79379788711756,-0.8720549151834533,0.7477618980634227,825.6347885079321,9.833455418048844,high
170.72706804327063,0.47492089038363106,0.7621441240491343,773.6866356081609,19.107803371352773,high
106.87693585528027,-0.7964280225019651,0.9121106332221305,473.5269640875233,5.443732488417734,low
133.05683114519624,-0.8288847179632137,0.6169505779071087,1217.9423138738832,13.43772968759767,low
98.17397587596255,-0.3775537815915524,0.9198650325797747,1036.346827210803,11.042840112494382,low
120.81743606400944,-0.9750686803242359,0.5568036311093814,763.7432189797655,6.306399581431951,low
99.00876928083973,-0.131928768487368,0.8727115026029619,1176.1481268649932,8.723694688547535,low
176.7024608197618,0.41536182016015344,0.7505792157038936,692.4080883132111,13.267815975623332,high
132.7294352620037,0.6026978628438779,0.5187295653374521,390.4663828861811,8.542427121375649,high
112.36898051634523,0.20861460759784256,0.39138503223421994,1101.8424382234036,13.038255712880172,low
161.7766500149732,0.6937484062278252,0.8497364841681553,530.3599417210007,18.916612914745407,high
44.02846065716059,-0.18699559246577935,0.7097269173745853,801.0561335940041,12.682402708869342,low
49.50640917971486,0.6975441701209533,0.709882324721279,901.53076019594,6.185950085902017,low
147.85435293269208,0.012946620996758584,0.7900483841628393,946.3663361846905,8.61281495261244,high
122.11639568410789,-0.5539277440034094,0.774607314966007,1062.1002640509491,10.858377045018951,low
128.76562050912662,0.8882912933209319,0.8753546774417119,995.212856566878,10.591059524021365,high
73.5761363838508,-0.450058252325767,0.7811747274268843,987.4731316405067,12.608055380463673,low
119.18682012023719,-0.9475970316244138,0.9082748659266656,652.3120544858772,13.249771768312268,low
190.12282936404696,-0.5146519140899461,0.5609477552631319,923.5608893169143,18.922111820475436,high
148.8469866928552,-0.2666248774851445,0.6714754611626077,473.61250748747347,11.985121339648424,high
125.93972907999843,-0.29730063342147184,0.644547651442985,1240.5344246132074,7.39122221249636,low
104.63311314632718,0.04933501888714331,0.5104011207772563,499.35879404544403,16.615224520994268,low
106.18995018457122,0.766253764071847,0.9402907357423779,763.3900403109138,17.052098307124094,high
45.478073877999385,-0.4153235457806017,0.71878093858063,520.2814402433041,12.929772376023877,low
129.0174147322406,0.041541215918337704,0.5877208643630736,667.458428533587,11.014422419164152,high
149.59190879686489,-0.3197220926230413,0.5424417506627186,853.3571038580128,14.490185610196246,low
64.85332354902847,0.6435461187464009,0.7363704567279349,717.8104753709995,11.15568074528188,low
96.85040876926143,-0.6847969734230432,0.3436942352627691,1136.0615645364055,3.7771642848900626,low
79.48873787183022,-0.792979463379883,0.6827345287410804,906.7252539906991,14.253897131889868,low
86.21270818169327,0.005990506475203494,0.591836413180133,734.2725676928518,15.569005907898312,low
121.87185693876651,0.3437751715309838,0.6534647445634906,816.6045175064884,17.764348921517318,high
47.0459245754034,0.591050402181533,0.5101599915798761,1154.925114263984,9.07696622818974,low
141.49946534249725,0.17924970581063282,0.8589924620576209,1077.2177208211165,12.904661263445092,high
146.38492744767888,0.5476995226380013,0.8240506366595849,565.3072764961472,12.99119823141193,high
111.21140941870806,-0.21457988287815244,0.8233124139496304,679.8370714650988,12.341530238815258,low
33.17520215054104,-0.934264659467062,0.6477550696126232,968.6974546710928,12.45942415314486,low
85.12534808991636,-0.7678013841968869,0.6989019227219877,938.3416465067598,12.148544061507865,low
163.1515676935944,-0.9225547975420076,0.4479123168307212,587.4046146503093,12.846997606331266,low
22.770200174499962,-0.3421126990470147,0.752632694338636,1037.281647326656,14.962724135981412,low
107.83668057322683,-0.009017317462635344,0.9716601015718772,627.281464953401,16.881150098337265,high
78.69997275364594,-0.28736503268612124,0.7813778100694779,1175.9566934640854,8.974670317225447,low
148.15996055546927,0.12119895013278437,0.9348548180022411,982.3622890624054,11.31079458084727,high
96.37101167497885,-0.03878170301442463,0.35469323374942535,567.0188873385697,10.30956752044937,low
134.1383907257464,0.3558856037278806,0.529086809064021,717.7308246341471,9.737310571199766,high
139.79111467091826,0.3339243271268124,0.7987961237540007,713.384846367844,5.535874338775895,high
184.2679043905507,-0.36387170578264105,0.5606162856920475,889.9691803255827,12.096889823411848,high
112.89703197136204,-0.30757108927781696,0.8799185249428814,799.0057754968774,13.917281478181152,low
133.1615529367914,0.1702956432826066,0.8615053996054843,563.6277716545542,11.379600992404512,high
68.02305823053975,0.19286493578168362,0.7959034577821423,501.435213444356,11.96416841441166,low
161.66447471528105,-0.37060017272573376,0.6762212808628633,987.2558335994653,13.673747711636526,high
93.38219031750224,-0.3393642284491496,0.6279390948272678,921.5592161410408,17.644478780654527,low
100.3736042569289,0.3880900263722942,0.6608855037393053,876.3843893012579,10.320941881907856,low
119.22132718027763,0.2948216457521391,0.8547616118323738,917.6829647401152,7.313551542664442,high
65.29904791310527,-0.7298983906404506,0.2961000321475388,695.2702131187413,11.638239412025543,low
128.00695101251284,-0.11791624064921313,0.5683017824777643,895.998089443786,19.534245053479783,high
153.86131955237536,0.7854121574211805,0.45321516155451835,1484.626391246067,7.356397766286448,low
130.2526838224052,-0.9273886477910496,0.6555892418406036,1143.6417801867858,14.600542782321135,low
64.38858525374462,0.7103278929684274,0.5838870534278038,777.8978872600406,16.631652917140457,low
115.66667469846192,-0.6736436858717127,0.762645452568542,719.15706322469,2.5378631224229586,low
145.97101160428218,0.01449726492343184,0.6156922900477941,134.8901506271083,13.64089009443394,high
54.27039319119323,-0.15132714215397702,0.6642948697970638,1117.1735382461745,14.41364254829238,low
82.38318951638001,-0.9797413253170824,0.8976933133542413,1046.6513384437033,10.930659194480583,low
150.6790261428532,0.830793874179264,0.884444021147945,714.0430076808769,9.414245755641131,high
129.45334019690503,-0.09014954533138875,0.7062731069397037,492.0730792807181,9.637350589904079,low
134.41900537443638,0.90853655352123,0.47452169779909203,561.1831392025686,10.685726016497515,high
185.08231826681592,-0.42651219804156426,0.743575388000907,961.0994656198557,10.791615873248892,high
136.3993472477171,0.7325515468319448,0.6478093171580525,827.6648165843715,10.03689182897293,high
143.02608036516128,0.844779147991261,0.763230170525111,1022.8980044018203,10.622098989270217,high
214.8760934526414,0.11366483274156125,0.7411342093942949,871.6107845920459,16.763167295386513,high
112.51684046683283,-0.594644424264565,0.6847393603389749,1091.689708029121,7.14228488433946,low
92.07410327335268,0.37049486421144007,0.9391708320297331,942.3937850980617,5.003766306913638,high
134.97287393864966,0.09795613305892026,0.42605812988251174,1057.1988450401702,16.827140428937263,low
135.36468602861132,0.8890593317052518,0.7448354936206958,327.57914726951566,11.23192896263767,high
101.56496128188272,-0.12145587637901634,0.7339272956940595,541.413607375635,10.447070830069856,low
83.86610431558033,-0.462972704720356,0.6764304215933558,758.9120825280932,11.555131505069324,low
200.84455477315274,-0.7234259970117858,0.7393956553816972,1119.8921962250604,12.837106803116507,high
131.4395214635808,0.39726713737335895,0.6961994085010373,1320.132431516935,9.903795091526536,high
94.37001165092735,0.9482192379611645,0.8246580411110235,808.9410544032805,14.023724510589211,high
152.05756057978596,-0.943312458857203,0.7512002173775367,697.104984027955,8.150949704764415,low
116.17991969535329,0.48089070955625357,0.8792950476699306,361.2578639355492,10.792695288603255,high
111.1491493788759,0.8538607251193333,0.7794331409763797,1065.890941018291,3.14121497886099,high
139.67955051700727,-0.8504369315453013,0.9092701032158019,712.4523562013808,16.6889485394551,low
74.78412061189086,-0.7796599097877337,0.676131736781695,1589.5836673395388,11.295649213761482,low
132.34195213710103,0.3839141968994173,0.6907591705796441,665.1490199913717,14.680416366948634,high
186.95341827061134,0.2959267517915767,0.7935049445381291,1376.318774215166,13.906298337065,high
136.31621817690586,-0.8623451693675086,0.6796605267552724,1037.0918458968667,14.199255121485288,low
106.83257636757874,0.6688455043023129,0.6385076681927108,592.9339001696583,11.968897885702614,high
102.25131518501153,0.04684769568978475,0.6774994982471253,908.0359471608966,13.552909570956698,low
105.63810093292118,0.8143947466732251,0.8028339992301895,1042.8451316376165,8.154862349552223,high
111.11130626832767,0.7559817619854088,0.8750893539193072,793.6869518708543,7.31528577508107,high
106.77677135346048,0.6250155381003315,0.5998163053337383,1059.4956776380745,11.59557626597898,low
152.07090043760982,0.031797792488842624,0.9609492109515695,1053.989289837165,9.280894478416936,high
59.33768138768559,-0.4965787165011355,0.8462971467518694,999.0846251485328,17.701856692997705,low
150.17000176442468,0.011951007822265103,0.9375084784808467,845.8816579881236,13.50057771722844,high
106.71097162001035,-0.7983772443964399,0.6665276253324903,556.2649776734684,9.134074439517843,low
133.19317249933803,0.3176922969468523,0.7588012351896681,830.8036561311916,10.91383824597768,high
80.55542314296977,-0.7320455615419847,0.5852824736455612,894.0161659289607,12.532026327952398,low
166.50208733973025,0.022345925001446165,0.8640910458733068,380.9872822405439,11.727988175404333,high
163.59722360601555,-0.8912360516663644,0.7728411857319211,892.3088289978359,13.08698413173706,high
153.58566840125258,-0.40097501945070824,0.771339495797799,825.7996837974641,12.274618177849232,high
66.98358284722612,-0.5358390786604244,0.6637325043843769,525.8434823037614,6.43737300611968,low
149.01923748731184,0.24006308542334098,0.8148321780959641,766.7484023270608,3.3963817299843573,high
134.1699280672498,0.5735734240450174,0.8504551460389875,772.0384132914253,10.505563820432036,high
63.81550635036013,-0.8853940909189477,0.6942567460416776,1332.5236333733546,14.24197082039343,low
119.14959156802146,0.7005673703107684,0.746360780227124,905.0295865443418,10.550523861745685,high
132.75870711616417,0.721535389909209,0.5598043686930771,1109.0113128286498,16.9462564536209,high
139.46263458381028,-0.31546185142395444,0.5088392137241141,820.5461738773379,11.812453202804406,low
126.20414784320995,0.31800813194064426,0.9581943709341545,381.5208707912291,17.428784257007916,high
130.1930995896583,-0.19477393659310094,0.7472294575335215,1018.0854622054059,16.607613757057223,high
171.57639872885835,-0.691618235620737,0.849242019439345,685.4533176031147,16.205147460697866,high
162.9111868468738,0.05732483712622072,0.5732480505738347,766.0999675030223,7.185953463171998,high
20.0,-0.8272806509968067,0.6531948088509713,586.7571877211324,12.068562671892806,low
108.88965058068113,0.7569443107919758,0.892674178677098,868.19196598034,16.891093949929257,high
114.2372140359617,0.8485795188192171,0.6092494146481794,1116.294590405613,13.089378899032154,high
58.67654995455601,0.6432262740228072,0.6424054781595461,1083.1845271186564,14.217439619995872,low
123.29640703813092,0.12505624151195716,0.7584210828380601,1246.547376946291,6.448450779537514,low
163.70652203436774,0.11519718225090991,0.7551833899158173,1281.989864488528,19.67515972243227,high
81.97012491432933,0.9692147532018596,0.5476915964733152,338.5314424354441,8.834502389738335,low
131.77403285414553,-0.5041966203376342,0.6750540292600872,551.594859767717,4.022299432999213,high
87.94617829462467,-0.848103268189585,0.3167107471497097,397.9521054183618,10.595497048699732,low
96.48307917121132,0.12388184720235551,0.7573070369895513,1007.9826025973975,2.2100645939157335,low
171.70877719595123,-0.3424288043797934,0.6579870715827502,676.7295540502118,7.659499420835333,high
101.01047629608613,-0.3553224543839115,0.8892948513107842,727.7049170390176,22.23404733241778,low
136.17743711537187,-0.9858292916601039,0.9186318892995835,795.8506420181361,10.479836889987121,low
54.50736593786545,0.19247881909586595,0.7745104956907081,945.6426720226879,6.2888513280808365,low
185.1811146488208,-0.47193259544877186,0.8508657660330807,478.6697379983859,12.10119154626447,high
141.09283562072747,-0.624282903614638,0.5103443940212423,535.2841343414782,8.408785019872099,low
113.61250550724084,-0.9191361372139926,0.6301546863514749,850.3240516327767,15.458076798695721,low
140.14412784999632,-0.2712768470487774,0.8700331712724287,1149.6864840386168,8.441820882455838,low
70.65631998682665,0.7579377447729148,0.8024422770656818,843.6506491872289,13.082934840540636,low
161.388575961343,-0.32665838480525533,0.4059090413096096,652.0850734044919,7.4117638525101635,high
108.66053285762494,0.35814842023918736,0.7753995702350133,312.9478299155909,22.396112579162214,high
112.85756697330478,0.5130939268038146,0.6472757159939599,1088.1688962650699,14.014494880109257,low
102.79205347620804,-0.34379838161960086,0.5835944748402868,666.0170876523799,11.41797681007013,low
99.67720090390453,0.6432814700240825,0.5795227246159231,563.1407710620697,10.82816699747486,high
144.3134714069943,0.3837593193338982,0.9291201925215528,421.1686933853047,9.785600067002543,high
128.9567397536478,0.11848445740190305,0.539797149809913,490.22479721450867,8.95634608076993,low
142.8111849491064,-0.9980150718987422,0.6527988613690449,609.6964448865368,8.846413095275254,low
119.692185868005,-0.9298184681543837,0.6695743026713402,790.2878159514622,18.713315401847808,low
137.96199338770134,0.9817316882121268,0.7950234692778002,547.8145738098358,9.789544169115047,high
105.34029396262366,0.5645678470071187,0.41149806441285447,896.4270093869093,3.482324373446316,low
198.04061444933419,0.8751305175458941,0.6365590454888191,788.3880650204744,7.336129116480422,high
65.12243542493255,0.804606409836055,0.8303653841591395,1405.4980722961318,15.710898479996551,low
164.13280632470446,-0.9591140337144983,0.5747412984215582,423.8892209018345,10.990703773634653,high
167.87676077523398,0.5836945795821478,0.8382086348100758,890.3698575780954,11.463673599454516,high
90.17444179120422,-0.09770851197769082,0.7329098065926539,893.5012472602392,16.67925780567637,low
198.02457636945906,0.5791164080013114,0.6437407344831122,592.3606490192128,8.891333643310787,high
154.84215990308613,-0.9865684316732297,0.4836104501374108,873.8130993618652,14.529670888523615,low
153.9898652388019,-0.4236013975988715,0.8482186963657233,1042.3985916016788,9.32846740084963,low
120.98077654590568,0.5026475515826043,0.8109827543090883,874.1228706394581,14.303506547009334,high
112.39708446234633,0.5860415772031795,0.8260192288278031,1196.1157212049595,10.435458996921366,high
112.67069105361372,0.23942920242924792,0.596529867200491,305.57809547616534,11.033803300577238,low
133.6685708711831,-0.3974876211074725,0.44858860351399743,639.4416467993199,15.280534630045109,low
169.04151962618636,-0.37927481742427416,0.5560132242016325,1218.764011807736,14.992099230729998,low
126.34599762514969,0.9335279272840653,0.6542497284549219,1078.0065833159626,11.33828805838166,high
88.09947319019484,-0.12157564153159095,0.2881282881122247,985.127927816572,10.113505320020858,low
148.85494718347428,-0.10574889951232591,0.8106760052218466,1158.3038516298648,18.396590337926618,high
152.24027612381772,0.104665500481399,0.6397819070728429,370.8605303245575,14.357323245991875,high
142.9130834956725,-0.1809953262712225,0.6663345021097195,1048.9026656807052,10.43543276536846,high
146.0924617283744,0.10534312919482836,0.1737918445278857,1116.0925406048557,9.38766254684098,low
110.51751544447671,-0.13532915446488425,0.5609077377770413,685.3249584560659,16.099590027768556,high
87.48537915042972,0.6534298392043734,0.8423571575132022,1507.3092794728066,12.461600344212638,low
89.6132299275727,0.8181020395965679,0.963063987297705,899.0872410155143,11.345788019495656,high
62.75878630397497,0.8642205196307233,0.28723860296402065,301.8077393728648,12.459900702250374,low
128.29320140410823,0.1285924116587731,0.7655763668238653,945.3179994834385,13.351187498547965,high
117.07929258706922,-0.11570288507100934,0.5844073474770608,670.0349925026503,11.773243410276914,low
104.6004303414602,0.41048011758367586,0.838124962327462,1141.2488184823794,16.814747467371976,high
20.0,0.6766471825918132,0.787992526885221,986.9860083478245,17.037353904847947,low
76.34388856070409,0.1259644841327543,0.569602638717791,700.5194819309522,14.127552476807198,low
159.22942279911084,0.3999620436445226,0.5838586068460829,1225.612979565724,17.49887596198251,low
96.73808999779041,0.49945870144249604,0.7204660452980437,1084.8628264948277,12.033987072552888,low
132.62070871798946,0.35278755343457346,0.5132173758903937,643.0200030794746,14.761324020018462,high
71.32600995086604,0.492267111458619,0.3213031934138576,811.9887298597881,16.017825275487766,low
170.3546918825731,-0.5827093348880032,0.8683465771037786,979.2291976910201,16.07615312006644,high
114.95903189808632,-0.0032509059564049814,0.924505437174816,758.9341843068446,15.663996590953376,high
130.15141387692373,0.1765371092101744,0.5302545157998648,766.4001490381862,14.524756776326738,high
201.40229271585898,-0.9950441382859538,0.7939844700863488,859.181257066121,19.828512462552343,high
173.07540352062912,0.7119250176273639,0.8926102784126149,583.5503539906526,9.841216858938036,high
109.27020325495297,0.22004901688982414,0.5587626242831848,291.808665355758,11.379116849759157,high
99.23729352953742,-0.7417273366035935,0.5554618791375201,909.7837155830094,11.141958093399463,low
108.6059245968164,0.6327141451516543,0.7972618040229069,352.7750126762036,10.527731420944763,high
137.84643869667875,0.43411393288108924,0.1599268181050966,601.7403242138198,4.044911826340255,low
116.31715530121951,0.5165990869272741,0.973292397532682,407.10441026285696,17.49945922283299,high
106.1664549248785,-0.2159150762762876,0.31005060375195725,437.88888805967423,7.89583816381489,low
171.35134377481648,0.7084050133899842,0.7464840115960724,956.5887935298229,12.679259634984389,high
116.00265378777571,-0.17194483573527553,0.9617092744583007,794.4229587349816,6.3125552893004535,high
200.48561825630617,0.1410183058911827,0.8147082055024657,785.3998861329691,14.482862922878954,high
123.17598973132606,-0.9987153926002525,0.7219279325490643,521.0245540939976,8.858415856239208,low
182.48614379786545,0.28974622935572447,0.6820342062242178,686.0377277903597,7.456152303563769,high
132.50617979487194,0.4363515842558734,0.5545483327779486,944.1137898025469,12.777373857926825,low
153.70362006373068,0.13421873097758463,0.900516419312028,836.9781836733748,9.197061678069485,high
94.63861319687965,-0.006882365912767918,0.8538076888759772,1055.6685152604964,9.703363615654508,low
90.11842720944058,0.6198729474234166,0.9559486609951294,1091.2730030314785,12.687158460798482,high
136.08970842552455,0.3627454343304837,0.5372398969515918,786.9450354354473,15.199957814537669,high
154.59936348628602,-0.44385192055995404,0.7748994970873601,386.93767851987695,8.726398048513154,high
121.4089775700162,0.9181466761599717,0.850489196673881,660.838775233446,8.035230104034001,high
74.9762332720706,0.4145343883906816,0.7629651624280493,825.5776797818271,12.0939346667291,low
72.39095717987355,0.9758778578248493,0.5627970785368934,655.8782369989715,14.15701032103233,high
70.05022592348156,0.9425226325377367,0.9077777181311428,586.3439471665617,17.8510207674425,high
58.13322604712167,0.8378194456201797,0.6089646960411503,867.4380710558715,7.714681606825194,low
123.83198758064806,0.5107430824506152,0.6269502823579379,1457.5757756833202,10.728131594918477,low
159.3765372597809,0.21885873699393477,0.8184904915781054,727.9529844909063,16.703144100301017,high
119.5304474576317,-0.6556586726341516,0.7819065421060966,849.2985368770563,19.892378144554876,low
40.885483493175165,0.0867028348475154,0.8264613307147118,521.9910306922528,8.027636002764984,low
113.32338388829079,0.5307530447886546,0.7450109239524465,1160.8502637603783,9.0447523207734,high
114.30203511785875,0.041714317411135626,0.406540018974062,1068.6857608378557,13.524400378439438,low
193.3599562578904,0.7364782568113155,0.5568803908412892,1051.4335348664792,9.68902743122765,high
69.00017304781554,-0.7806882016166035,0.5595818159831668,1189.9489528261863,8.96307298196019,low
106.32628390902815,-0.23811930390273184,0.9345904106446701,743.1646613262982,12.977882425475629,high
179.70484381905973,0.011928837187314523,0.24833589162097178,774.3955450385945,18.19767981495911,high
135.74924194712918,-0.13534940826178388,0.788028801287489,1277.4696329716623,6.762070819602456,low
139.71595757307486,-0.7828269043568938,0.32216809659276774,1008.1820257361396,17.993336431118053,low
124.01045529583574,-0.6929434119107389,0.610516825508442,295.1945446639597,9.700923125668448,low
131.54802385300425,0.6752345857109743,0.45903702408981106,963.7052439092524,13.383167685032795,high
147.21633355974876,-0.031231481597097988,0.8129319124818558,704.5754848076009,18.363402884407442,high
91.66797883875317,-0.9025551464945447,0.7059705803528373,1074.5429561641643,13.301294369208447,low
150.73205026178698,-0.9670174820447002,0.8949139083518017,952.0476173550434,10.810035807203247,low
71.94489440900612,-0.05304919601134683,0.6708674929502649,414.86430899430025,14.872702490778957,low
131.49287904910383,-0.6712425481511126,0.695174623255797,917.2075426238694,11.307335190670239,low
126.25593371502146,0.4102518919984437,0.6388921943192957,902.6569318129019,14.085404198378457,high
98.42974191327622,0.5906469250555026,0.9327363242533303,940.8656216161967,11.181276006488723,high
119.20601536360236,-0.5434065830857888,0.8449860698076039,993.8822129783272,15.444611587956153,low
98.21109465670564,0.18435388976356148,0.9274179267654609,1223.9914899554328,6.423073229799135,low
82.49045355983895,-0.691110713029228,0.6747567596184593,953.4722474035746,7.945913503625296,low
107.62348404352245,-0.39283469681122596,0.7625192797789618,855.7246151186162,6.3642863005282155,low
81.36039776199185,0.7775909883628667,0.9267203103695807,1136.9918885470563,11.774282283214642,high
131.29791124326368,0.08819618296462162,0.9722908664196327,1410.6851808974418,5.8818471247609185,low
79.74700770466728,0.7717773902884002,0.839998557380118,1078.7676885420224,9.232673699732723,low
144.9191958046868,-0.5495043916409861,0.9942450684052373,901.5515317020225,7.569965581724769,high
78.64823262249129,-0.33995131350266794,0.87948446896014,958.1326374422297,17.918704918155296,low
100.17967795466478,-0.0580957230863659,0.6376293719485013,914.0109398495645,8.037278591296644,low
98.13888071246873,-0.039839849610914246,0.6477419136885747,854.6296038183318,6.853817188306631,low
166.38013551061937,0.9952959343674008,0.5057757089448873,1391.2927078765952,12.993354135063077,high
131.56014809658072,-0.7711093620577398,0.7441725495935858,662.7366564208919,18.747284618246642,low
112.5893169109462,0.7039300712031815,0.728112547216559,1138.7264570606749,11.53573168301726,high
137.4551804374403,0.7273640788437403,0.7744495980992212,818.5357643248566,11.845122774091744,high
46.248267843460916,0.10639726307557473,0.7071961750408632,479.895207465319,17.163029844313904,low
118.49032436256824,-0.3119256634816925,0.7378755614586552,802.9205641033733,15.512917352865784,high
189.9129962231667,0.03845220857659237,0.7865595249366575,713.3060415615214,13.70165993844757,high
124.63212772409354,-0.4150645903868724,0.5585685708707778,994.3943296044148,9.670637086399227,low
122.37696092092675,0.598214896879879,0.8831138427170135,872.8250556646427,13.823831625146452,high
139.18449328747687,-0.0034416825793397443,0.4193434307013773,594.4932840880078,6.556863618589252,high
151.3461835160021,0.8516843577549011,0.9664925074121528,1217.7519783724288,9.505297802429608,high
50.088665748854915,0.24538268871208757,0.7522536668851795,1122.533501118931,17.725850603820998,low
61.11857313731406,0.028638666229366727,0.6185869142305805,1246.5138830241003,17.207970738964487,low
127.36019518801513,0.4221387079553045,0.6524906602548506,909.2411660170291,13.749938797341503,high
94.97932033358715,0.007865928860468552,0.5466872451951321,841.0667329298274,4.282585114493367,low
165.920884177697,0.8090127008388943,0.8179071991428419,1025.8901206546552,7.1671138880674,high
108.96889635401716,-0.6311080782263174,0.6846966992094988,705.6312447697745,9.282110285543725,low
52.291424250040876,0.9466973674918113,0.8335571580661509,882.514888679959,11.313203874645131,low
75.6195129104601,0.6243811037023841,0.42559801067493663,806.0805251696587,6.998355397976148,low
23.761339312929863,0.7214667237297392,0.8240474535592958,484.7414207025198,11.014745105671073,low
111.80560619509806,-0.03418433525785769,0.8939633407536387,881.8638762097681,19.069180952621423,low
113.40655554574658,0.6744030986751948,0.8882366284049709,739.7582770641745,13.60334350743469,high
105.14380515763358,-0.3864518328455897,0.8989272574139077,789.3619589954241,12.875306515844146,low
157.76076636604085,0.5238963571283504,0.5924944332957445,940.9462364124886,7.9297783239260475,high
161.9481942780843,-0.7190996832219547,0.7505103324103964,1168.1332834966563,5.4440608531499715,low
114.03640518253611,-0.3858961680749826,0.9016916822309305,637.8074773630054,7.087214297827847,low
45.285721638310044,-0.10853467328053434,0.8649170180315678,765.8604462176608,5.2824434078359594,low
141.60485531722904,-0.3553605637131563,0.2864529414703113,658.7293259100474,12.300141048966037,low
139.43760799780014,-0.22596576875163277,0.7801242110714991,642.4548530502522,13.535543217629437,high
130.82870495549307,0.640209489567396,0.9480871137737815,701.3577640875569,8.138840188722614,high
154.35179122578404,-0.48664821571566486,0.8599607937570412,800.8874292962014,12.59167735963659,high
79.2310166238636,0.49056234430914447,0.7998809953233342,996.4679142193761,17.875975264929135,low
190.30643851647986,-0.8525758617766963,0.7951350417790772,930.1114411962095,19.83078936938895,high
86.42002864003462,0.5314782150301216,0.8428828856296999,585.7857502291877,15.081641402996873,high
146.22280245202992,0.584046485659546,0.8943653105560825,1173.5400809792882,11.300637984166626,high
60.94283069553269,-0.19660244899503598,0.47327497461487694,1086.1030766192596,14.952416975505022,low
87.44073594554823,0.4449556463349409,0.7510911456502962,624.7035873475741,17.407239934711846,high
173.07290263538675,0.8302768074901983,0.7470627220380469,1156.02772297989,3.971087448837764,high
110.86850619497025,0.6014259471090537,0.819751192774274,931.734603149069,17.928276151185663,high
149.39729117964794,-0.21910697920608024,0.9342478868421822,810.8861742686884,9.82165271762775,high
128.2934386051736,-0.031572971439871145,0.6024219218185759,939.520011119828,9.86014818025004,high
116.32646453999395,0.5587150895716109,0.8851204747321355,843.5573010936195,10.580288109656328,high
167.73476137264413,-0.41481082030175287,0.7818096121575007,986.2696636203516,13.280336555103021,high
111.71694113718348,0.607765480617747,0.6361037733241166,896.8288807827918,7.554982985204934,low
57.674166235278534,-0.34385771487811767,0.7890472390534005,765.6434869319493,10.860743861236195,low
91.88659678169032,0.6119811647710762,0.8478256667961434,343.5433102096541,14.101108825991563,high
139.2917105045593,-0.8263991132985533,0.7162355728579248,981.7956351579816,12.874284997095971,low
133.84281872268778,-0.9112054061788197,0.7793955030576526,756.5861804033166,13.523258057445878,low
65.15296124175967,0.9953508947396446,0.8841793818387991,1044.4866524113115,10.704125150475083,high
94.64801182071297,0.7389142464693781,0.7207894103411961,970.4187655689301,14.774839809850631,high
99.63975277792137,0.7656950069324078,0.7699413581895033,763.0839472109977,16.22566448801142,high
107.20856420600212,0.902559895213235,0.8415708477145034,1105.7470477693337,15.985757248650845,high
71.8430243989457,-0.1233673811710243,0.5594419588363289,901.2104154591427,13.710440931372544,low
98.00701121581825,-0.4263288906396956,0.5860378276506856,890.9107118445218,15.755570434894716,low
94.49863301591654,-0.739950009964194,0.829649398320164,815.4723283092144,15.484242336458923,low
147.0036640916672,0.002418267076929048,0.6039490254838972,1270.8889280599494,22.706031626736586,high
148.31924588465853,-0.5599033590467843,0.851124895830341,671.6833177260854,16.872268280194834,high
114.89663396689144,0.8711017134786394,0.8530140424840472,769.3313656352362,11.645023453458874,high
106.2786071445244,-0.9919936751144418,0.4680447424250507,540.6662137300009,8.353282850612523,low
124.89735092136897,-0.7136065245137568,0.5812973777048853,1031.6827693311266,10.955438980963557,low
91.41987123905487,-0.5070482938331464,0.8624724920934335,704.4627484105816,10.672860577600082,low
79.86087712413956,-0.6020865768136099,0.4722490031094258,732.4911045684196,14.04569027090347,low
87.09225768759991,-0.5484431268405794,0.9386346618602986,720.7658419607047,9.198975019242802,low
97.78153926099901,0.31209521012235686,0.749816230621167,865.6804790155969,16.768708686081617,low
79.27841700727052,-0.3449758433737016,0.6652804941215695,537.3101038352136,6.441747976418817,low
125.67208456720061,0.23004876380674655,0.5458781023259297,289.18868347443475,5.469899454734335,high
145.5400485824298,0.7805158672925825,0.5912676133950712,964.426009348193,11.459535968298605,high
64.45155947206153,0.20511353105140406,0.45333754428491885,321.61057344907243,8.629763803217953,low
120.87950489256117,0.3890655825727629,0.8203023168021703,1063.5344459943449,6.967064584062814,high
112.30224716567825,-0.2689934035572854,0.9781242869142079,1239.6319373837869,9.45172017998063,low
131.9528039937881,-0.6805230647545817,0.625450670801967,808.9440490162417,8.954056683684309,low
119.54714311637441,-0.35883187510018777,0.5410178040588076,1174.8732366801223,12.040537324936876,low
69.12402520239291,0.9285652974082161,0.4880538056015804,843.9358951141952,9.518116846742956,low
75.8163745399992,0.2436227689062742,0.5624516227055596,1249.8102897694675,9.84346256699971,low
121.02982514547405,-0.44497776113196963,0.6220665816272337,735.9455369716973,11.980537127114829,low
156.00733219109281,-0.09816946567579232,0.6842554612591896,258.7795476422196,16.056966282941698,high
42.5034420134949,0.6710260748619887,0.5134007193827406,830.0220639733745,17.882981861955162,low
132.1004302930553,0.3368871414115471,0.9038508803476341,1276.9907983526846,12.591070249936259,high
161.63677018506752,0.12130568145833642,0.7675429880146635,983.7420764851045,12.90217247508208,high
114.64409433278254,0.7703257532676822,0.4693554187656569,721.169192865539,11.267251930816636,high
139.25708736092542,0.3448791444335806,0.8607306878438197,932.2252923211829,13.924994480236315,high
95.39258216857692,0.2854594615821908,0.6437945495854209,1092.7812096131381,13.560877442336555,low
115.82218302530931,-0.6204637255784637,0.8057865507272542,828.5958902713822,17.303390732353648,low
63.26802685921469,-0.7872226339751844,0.5392988593015943,1506.5975213355948,4.445181483378284,low
37.94798420533942,0.9302842341147981,0.6493494161705411,720.6455108701282,11.06200902515117,low
152.99680304288464,0.1977167402007054,0.8942585266021923,1100.627680511187,13.356759476510575,high
85.52517752964454,-0.1686331817071418,0.7617013243917158,1040.4843091204498,11.894864169831555,low
104.05652542487994,0.17804164182043514,0.4215790259127544,675.0431438254856,8.243307871615553,low
71.47452113554324,-0.8763760778565692,0.7944817705269963,743.8899331630818,6.80253328303809,low
70.65106039206435,0.6442545478082136,0.6573162589891818,1104.524661869841,15.225289704115447,low
113.91568049668842,-0.5667089288713281,0.9029557922916662,886.1969719010604,8.97229659841434,low
94.46479820525238,0.6090920126358941,0.8314946235446284,934.5179316818181,4.9803980339775915,low
133.22898492981446,0.06875688652722123,0.8454483762599324,441.0081615739107,15.426291440039593,high
135.83884466428572,-0.4468559726861945,0.5981427962778293,1013.9996637905253,13.835931601784262,low
131.22973762136124,-0.9395801035158591,0.8619981080773282,921.824211020642,11.536503610167058,high
128.35102768249553,0.6316667106532114,0.3568169597548379,834.0224943397117,8.341793628955886,low
175.22188717261602,-0.6470797170613867,0.9169908548906024,940.222965764769,11.546234226518024,high
82.63421808342899,-0.8963897687202531,0.5037152509227428,747.6955732189376,16.86235040207682,low
118.07727968289788,0.5117554616517617,0.6769695098910896,702.0243740291314,5.541202855884801,high
159.6441437181856,-0.2999135552540424,0.5915884628836374,789.5286170902225,5.744089533041624,high
164.25889332683127,-0.22133198881670002,0.8011957857841459,733.9492054204256,9.488938708350357,high
70.23827227293995,-0.505864825438562,0.26382524500770754,1395.1323902608,11.89342525282718,low
109.06755954204455,0.7183569573937942,0.6271907193334523,1077.9676822108975,10.014832408464878,high
167.53423835535412,-0.40534094778693586,0.2637654123406964,607.8827690070748,14.571266300668078,low
137.7827686819673,-0.5796148604979523,0.9216987831739729,1359.0740005652106,16.35533577779339,high
126.83420610179205,-0.3815005473276878,0.6154151803412895,741.7858471409218,13.115075098429871,low
112.38103572978702,-0.5937008496652061,0.7082698189732063,857.3638418660711,14.241729375024416,low
106.5669676002289,-0.36468955838958506,0.7653573677868623,1074.35429873283,13.08839820809469,high
130.08766720816135,-0.8341275542636539,0.6020427578852214,357.5028640255962,12.038032363661273,high
111.16690562554308,-0.6829399417610833,0.4903066631610131,790.7435382647577,6.82576520074122,low
118.50974826344445,-0.16589423320770424,0.871967048043375,706.6665372582081,7.888033169589487,high
122.7509547140263,0.7589337111797527,0.8105932844352698,901.2700198860337,6.596326092112292,high
96.26749650272752,-0.8854185065554283,0.9469511131270417,942.5124208163606,11.405980820155664,low
138.62452808585033,-0.5746505864799387,0.9094312820278941,830.6851586669121,12.92911212501749,high
221.9985626945397,0.8166913510831926,0.7549235788138418,819.088175455253,6.202950460874494,high
57.80546762358737,0.7800293483198433,0.6427789999848933,1116.2828431588612,12.290380188408031,low
131.3404383466493,0.3589016665918825,0.9668752282836062,925.3714825835095,8.499134686959165,high
93.39334689833831,-0.5190528918095241,0.8153190871274244,860.3562525129857,7.723202625852564,low
140.20909021317374,-0.16037887788842853,0.8796912131780755,886.9676478650348,9.498602333757164,high
121.62951156647513,-0.5775580111240699,0.6044006361463229,1308.9722493825545,7.5180940066198145,low
146.66491709148622,-0.7428229817495935,0.6939278404969954,893.1684942460265,14.426636471837146,high
161.1427301778073,-0.240003210972217,0.567933101496613,721.3878737585737,11.327982327804289,high
126.73473912188635,0.15164321014070037,0.7573867943118772,372.75022784723524,15.260856227950352,high
159.62183009449623,-0.28013464907038954,0.483466667810337,491.51565649126155,10.226014591574922,high
37.94957371739629,0.22164910093193946,0.8044145099919453,733.2435262300597,10.377255752465258,low
175.6658304270608,-0.40749052924138907,0.5939237152569795,822.9057890114631,19.49353056325382,high
133.1271753162319,-0.30829894447841943,0.7788253823169182,711.0946350974403,5.507758113278643,low
157.72451745108137,0.5813471832892192,0.7768432437143752,937.7859942614523,17.137924973678796,high
77.30434893054674,0.7566294617877161,0.6123044452754735,707.8729888729229,18.61809615058331,low
90.92305414381325,-0.3559318369378959,0.7857188868038092,621.3776824661425,15.063269985045999,high
125.10784029506709,0.14303160269055248,0.5039555573841956,1003.1609588393532,10.678118122515903,low
119.4036738731888,-0.4436754322154639,0.39410179703251236,1192.3486242195033,17.707608286958965,low
129.90740058034964,-0.893330716585145,0.857631193028072,573.208100563363,10.712954560440004,high
157.95803063254883,0.475714362720816,0.765473660612115,910.928965926953,9.176857657157115,high
58.21728896440028,-0.6579930335276993,0.883095848531713,373.74883546154547,10.446926623233345,low
154.0836675101058,-0.1485749525061657,0.9432654747718807,481.36546731821016,9.71922504352585,high
120.28986684852745,-0.025909013241686374,0.8960321844872422,702.8085430057068,8.213507500321672,high
112.86763486064083,-0.6310568316417882,0.6953315114535523,1133.7276080942984,16.440031336435858,low
68.51096679652883,-0.8108892986732075,0.844479010699034,655.3234925736314,8.906206589512866,low
137.6067033931903,-0.3039739706578588,0.5776498283545439,645.9748813086127,11.881412044314509,high
35.506225213913694,0.9045718151006368,0.8368308827534365,859.0218204736125,6.224912442404784,low
142.69379039335493,0.23027117997684288,0.9092211302124276,859.2709027874627,12.123242726996766,high
67.77629575844529,-0.23717954319419499,0.6577438161371363,653.7171318113326,7.376295823109043,low
121.87102694161159,-0.9221783584515701,0.759368809883488,1346.5553918158096,7.278056708299068,low
115.82909069352279,0.20054656278216365,0.9177025358509182,783.6591567211567,11.56284835961567,high
160.93383515528592,-0.8154847181292548,0.8594237771138157,878.39624560452,16.22788906072374,high
113.74706908451384,0.08508814209505267,0.8050964324927966,749.5551155723895,13.761654750959185,high
95.70515035990171,0.5039010165434858,0.7835135309168287,959.9928905377949,14.036481544531037,high
102.26890564100789,-0.15282930341042733,0.796896659212347,1158.7393899260292,11.48033128008397,low
164.55089690641321,-0.4011770103669512,0.45710442259646267,1265.9159242386431,10.65743893939793,low
138.77039392133128,-0.9052315323648028,0.42774640084763876,659.4335811840299,15.164562553976943,low
106.50295064668936,-0.9504442496768064,0.9086982735110836,1125.198794075303,9.747291350716791,low
111.72437530124203,-0.13994686070895757,0.8445906569657619,987.4202048877545,15.337736617790783,high
65.14880182950935,0.7666905414059357,0.8522593110223011,1093.6341523650194,16.94378775573624,high
133.59659702980395,-0.5118744424136192,0.9105794410093454,827.0301818268006,8.634452868096892,high
58.4064502306587,0.1481110115636426,0.9372823860044258,803.2398066794549,9.222218017467169,low
146.31287630424097,0.36861163935952357,0.8955503617944969,1083.9286614284983,9.817217974341583,high
124.5017557371943,-0.8783402649972771,0.6985452019254211,1088.6731265140718,6.132149496986347,low
203.54331298508728,-0.6937992483932458,0.7908080952784361,1241.4301409654715,10.12238907346457,high
81.4952556196493,-0.3374464131608659,0.5771674169816249,899.6368888626223,17.20579894887802,low
116.40682681357785,0.340186348297141,0.8058077996359372,823.2713430913108,7.817697830658609,high
182.9400695323072,-0.12192977554380624,0.7729505482163317,235.03660500144898,17.300784434615792,high
161.6986374101995,0.46839013643649063,0.35006471225959224,447.18486550116637,10.26622216818769,high
95.63257819470351,0.735195731146385,0.5015951473959572,751.4370987041517,20.456142548411012,low
127.83885999307067,0.5167445531970858,0.39941116543036387,574.7352671884462,9.272747738738289,low
120.06997747452806,0.9844944146264982,0.5678645546981533,1053.5326413583116,11.424072200711361,low
129.8684553587955,0.5087221374632993,0.8065599850316547,522.4947596052616,8.3592677392304,high
95.54618474053096,0.7043583900149011,0.8745888446862935,724.673917912428,9.249196905656696,high
116.87378590547429,0.6647327169300019,0.7706690053016156,734.4933767153778,17.352716667433565,high
64.06816686531502,0.46053152456009316,0.5973020658302756,1151.1857708498615,13.89814674055592,low
124.72932081538288,0.6036036333117811,0.7548176295260184,697.9403127450889,16.1152711167098,high
135.75072356976412,0.8693664557348204,0.5011978902196232,963.1030295119971,6.73764279603987,high
112.04032055746406,-0.04958524294741484,0.7317872175521094,898.9265318806792,14.61931381263166,low
63.47321882953243,0.2765740478250871,0.7451824533296816,1075.8221213618199,8.114226733118116,low
154.59861519980117,0.02987944314554536,0.8737806227464091,1062.55376302912,6.650725947868589,high
132.75837632974807,0.702073974384146,0.3714364517425418,841.6399717826139,12.955064555414223,low
94.58947158046581,-0.13728079425698536,0.8692382290328883,425.92637184820495,12.914153333645654,high
110.17898436066776,0.6394535422894658,0.6973386129313384,792.0647783385926,12.213383145196602,low
67.47657090263564,0.5987091501142776,0.85180278930169,845.0110888669618,14.870233650510663,high
84.11064552777334,0.9237722027371811,0.6990775053160083,921.5023082881945,15.494265270534708,low
101.17660287750012,-0.5021586014851624,0.898703665190493,665.6112136947975,17.878917356774803,low
162.9947284298053,0.41923901977182454,0.39441267879638314,1135.2252796021533,7.238628006776659,high
97.61738131893836,0.5138389952949725,0.7967942953931964,853.4048545787482,18.0080649818009,high
142.40747807650655,0.8725569856093314,0.6758269364161483,619.8756630469686,19.529245958782305,high
101.15893289984471,0.8138048361110621,0.8367001635641188,735.44304031458,10.535079934191861,high
128.67816462981563,0.14705172341689665,0.9804913566103111,1332.1356634917076,5.326033267707294,high
115.05115742496693,0.15830637172795958,0.7570426386488524,1016.0944732366246,6.466004347723528,low
150.55698100324602,-0.6654175431915412,0.7393815029946221,1112.114138891101,10.152594476265152,low
101.28160316235048,0.9499254048475423,0.8894244911764035,589.6032575716465,20.056566361229688,high
64.96151124991457,-0.4899650745931463,0.7444376930084947,677.7925769540498,12.068320000812715,low
71.63178390227286,0.4494724369025842,0.6189504592761803,679.6444235296888,9.531263532992748,low
101.38428771200348,0.591590009610625,0.6437731217893603,896.0984343971555,9.258390966570811,high
76.28290102626815,-0.11756899077723793,0.9438042805164983,806.4995422286102,6.709110699976835,low
134.3574205487843,-0.577612559941884,0.7975035960787032,727.6263971857448,15.49830411872156,high
103.69811422996727,-0.6220792315606265,0.6153249981260305,758.9826018741364,11.631725021123662,low
203.1112292509251,0.7129920018031835,0.9109705897625604,651.4912033312326,20.39931803904973,high
59.17998917020038,0.02151297349702963,0.9642873474696863,805.0401782746475,14.512837585705801,low
127.12716125484305,-0.8197260359234666,0.7053840594616845,1128.303895958437,15.31974526422908,low
80.52164417730158,0.4340389455257774,0.8080271630701513,471.71516211256153,11.031580677029288,high
102.73095308660625,-0.4996578943899408,0.9124768979739339,936.6198584088075,7.635878647306048,low
124.94968156691904,0.7527895015017585,0.5389965317320659,1195.0231737199058,8.50567607868328,low
38.61200187939996,-0.3808564279400495,0.6673096938933331,804.2032253586082,6.523012224443673,low
128.28891408758096,-0.5994583398197137,0.5907068714286539,717.780992713526,15.641578879272364,low
186.60176117959588,-0.8302831128901313,0.6228008844303664,1081.0578714876472,10.460339251016455,high
104.12965955709925,0.023062273275294976,0.9474058887394625,603.9445307827891,15.810002158368265,high
129.09327498819283,-0.09852482436342536,0.16424627564165234,844.3271175153172,12.543657609230255,low
155.87225925938898,0.5026242892062858,0.9441475240296555,590.0389749035683,10.828726576918216,high
114.26162749905512,-0.07079482561392725,0.9013283270952926,382.47475749393004,7.3215886601258005,high
99.66639340139808,-0.3123680621512579,0.4499995693891057,812.0039338013012,13.206530931850711,low
40.349225869738675,-0.47669016873411185,0.7742027896442304,534.1512341832541,11.12546793421282,low
142.43467517882408,-0.4437065090600578,0.6616102609130606,847.0823716677079,15.608735711821685,high
116.0391056594886,0.8556958036556279,0.8272183884190536,1128.7574060951765,9.138357296497606,high
84.55606520141434,-0.6698427958243753,0.9450671480772886,1313.5638516699057,14.464431093988145,low
124.43088485971927,0.9763528491143003,0.6942163528735176,873.3823209858022,18.56339366489015,high
99.57118751178365,-0.3461610896155505,0.7913226907280955,1104.8039579938998,13.090223658638878,low
101.50508541095661,-0.8232195291650051,0.7751559416244247,949.7406625266583,15.141165810967525,low
141.22019046380478,-0.50261923842427,0.6959841435687895,754.2215965312353,14.287560984710318,high
73.15661560366544,-0.8831712408907626,0.6107127456714565,368.80591151727634,19.59236593807009,low
156.65603501258155,0.5800595383278317,0.8316460229411681,1256.6230817705298,13.486241686775315,high
71.08098429085587,0.02510582508221093,0.9059983636833024,587.7244526797193,14.79983540694204,low
96.80545070756577,-0.32602676226639815,0.5243456629632652,1195.6927278544424,11.854895885936173,low
187.3031167923302,0.32409920926312497,0.8226557744391857,984.2019073155627,8.902445857268964,high
159.45741665748477,0.26129305190064045,0.5664517507269116,605.9968036881603,7.167297257275324,high
123.4161397373404,0.8797441784551805,0.7068437291384333,927.9995904547383,17.0676962625467,high
87.08144245745743,0.9225210334967593,0.5719734275397358,1383.2277653213325,7.96656251462984,low
101.47546926550373,0.36136755133081055,0.9894657330679348,1233.9131452159427,14.983457999133728,high
122.56463601049937,0.635631854488337,0.7773486517819956,721.8217359663878,13.664066521535046,high
121.31331313188595,0.5848502006703571,0.8438278066317427,672.0048104538295,15.671141379582927,high
116.8195174630913,-0.017392934600200416,0.9411189076846971,875.052009329018,9.941151909667125,high
118.92086200705354,0.40891657606683385,0.9232295448827224,808.6215677575409,8.837080342067157,high
112.496871160321,-0.8434819846328596,0.9350307916145643,1149.9343464106826,13.51348735239903,low
69.53074425259955,0.5160421663006138,0.8446618074916066,1034.897284105451,10.830633307169947,low
101.92212402437085,0.9236660143847353,0.7624880348864381,426.93959961789443,7.075886653574887,high
152.01184188953962,-0.8300504937485231,0.8286448456178535,964.6688138559779,19.754102169361385,low
72.1082995857109,0.6722315691837091,0.8045230635162707,805.2272597831579,8.83436733614982,low
113.36555709612526,0.8659600532985425,0.6377197354376818,859.2770340070166,8.025469152059943,high
91.30861249302046,-0.5476222203958758,0.4114848612127816,912.2357535651647,11.03145692728249,low
123.8972650289339,0.04962237521840751,0.9171576753352787,1149.6822513191505,17.011434276631654,high
106.39783866266137,0.8557164509259769,0.7067804989036408,1094.4482408865051,3.3330598275055348,high
171.70877827411343,0.9204520090459358,0.8845167293268366,662.5643148281761,16.679534458301795,high
137.7304103966589,-0.7442352312953673,0.8384680639493464,835.3470080775827,8.354105994174787,high
74.0868891977976,-0.30199154888909874,0.6419987141513388,737.8696517856971,13.058100960433016,low
143.49298040647946,0.39628928230171323,0.8869122168369652,429.53850777335055,9.295972153104799,high
92.8871850308278,-0.5568830012281394,0.3879410869576459,822.6573730997275,19.967667416008023,low
99.80512700178633,-0.3504587427310384,0.8421045877510386,1311.188606889774,12.498480346569405,low
130.98366570374927,-0.9534178799906134,0.8185938912029669,421.9891515625632,9.167633798635055,low
102.78884030944528,-0.6929566381376022,0.7777200587422485,843.9845515849833,10.795634712649239,low
151.24995357130342,0.12465898883548765,0.6173276318600929,835.9654636475811,12.358548299606749,high
92.89214784703115,0.3061801326083655,0.730929213062127,921.9338679410799,12.710706431048802,low
98.33687065930229,0.2978236621916739,0.4727012051770606,609.3187606515173,13.755049934085283,low
97.02701872581619,0.5567209415564334,0.90925243598284,493.72235230001155,11.99438156927074,high
100.20264380757364,-0.16943717252241708,0.9903131647394141,505.35058580134347,6.491350333565136,high
158.47170444417344,-0.453018567517689,0.7194707592079326,1182.7334395828696,10.638929316393357,low
142.00787027636062,-0.96883859991495,0.7374011386100235,604.3285064095357,14.426633499363433,low
179.8480383904225,-0.5867403478952262,0.8611799368097611,725.1094520867067,9.320468774483997,high
199.36754713647392,-0.3752243755959255,0.85578974270114,1376.1581496532435,14.69112511879351,high
83.92490388236811,-0.643586287039069,0.35747042680039504,666.436085805886,12.126872531831241,low
122.46466945645511,-0.9597110570067955,0.7013800128117755,935.5998994877315,11.129039372934042,low
78.83298891747985,-0.6851047826696168,0.7971297859894952,1115.9529191563768,16.77657557015837,low
92.78379252881065,0.33219910713514467,0.5602233219852403,1103.9300467448106,5.047474222462874,low
97.94711214105158,0.2591708329451916,0.724500873285813,517.1059107390798,9.298716406941402,high
82.9995794051604,0.8713672787960849,0.6212720580179144,671.6618880746253,16.929714838715103,high
83.18394544855552,0.5963365827946185,0.7067876581267747,925.5909940629963,19.320196652614136,high
114.95004675179108,0.1355122336823824,0.5385366649784736,1332.254364345823,21.1439699386868,low
77.41485535647575,-0.7248873050135773,0.45793150930842486,659.6223353397012,12.201422121353215,low
149.47444356981714,0.1281436378503138,0.7784975614730079,726.5967539722308,13.831589518462172,high
87.87862619038701,-0.8768098781716385,0.7731532688299733,954.8936053502512,15.269711308942668,low
218.33491395337373,-0.13823020517829443,0.7506967934436378,1004.9145568370941,17.100301088633138,high
104.20154421624616,-0.21948274210560914,0.5962379030087914,1020.0635010756843,13.252367738699045,low
122.52061746709683,-0.14437238127411667,0.729423033941556,638.4110337912999,15.704595693784267,high
74.66305854368876,-0.4403481632104256,0.6891840421138806,716.9879657663986,13.839095201778088,low
179.71321153446738,0.37166089524764745,0.8352860798348136,903.8752999504921,14.088895767633506,high
159.18252382810206,0.681888934597559,0.5933487432227293,1165.5778281570704,8.326523052399681,high
130.39205547576393,0.5370339851979551,0.7403692045445335,790.3789794703931,10.683145122495104,high
72.86191079271521,0.25550419158176063,0.6844193169675697,844.4245249790451,9.908923207688723,low
127.37334072036171,0.07668959866602654,0.8877534680391588,593.5178907151476,7.244418185685913,high
80.74991338939607,-0.9378316399839393,0.8589702749863463,1315.8067079730606,5.3935791031563385,low
171.18243422156763,0.4458679973838424,0.8222381237358345,888.5657367854275,10.305490005631405,high
148.32181561486104,0.08996587915699483,0.7242494152799652,1119.4386948891854,10.944470694254962,high
123.34036634707077,-0.45851789867222625,0.36695383791682695,857.4743020169002,12.420148304111368,low
34.726851786343715,-0.3443159222931167,0.7405878364384332,871.316766310853,14.222951363360561,low
85.58044074693393,0.8712135729394828,0.9180330294430774,474.9227772869848,12.752488974423288,high
144.07163960599553,0.2487244902344541,0.5865304137241466,312.30953257685826,10.972355289877695,high
162.45092921031045,-0.04817513068494339,0.8552489751362303,1162.9763029589897,8.339494736892501,high
158.8209434022246,0.2418434794168154,0.6131364550997405,869.5145535656051,15.508276390004871,high
64.27954492154906,-0.172515350028686,0.5318317202335267,901.6070307466546,11.592711130842394,low
130.55433073845165,-0.0596354535939676,0.8539128180737843,537.7365619498974,10.264840819972362,high
155.54303257690253,-0.41938148658465924,0.924826215926345,624.2339555515941,11.254182870346924,high
61.95825520462142,-0.12029339881671097,0.6945769637813526,1115.5755002837461,9.069022610581168,low
119.72334196193673,0.3711844648758209,0.5951013102070697,1285.0359427103592,9.877304306355574,high
129.58448394079596,-0.9201161498270616,0.8281398860851252,694.681496556862,9.750166746839248,low
109.47323953036428,0.5900548145923097,0.8124745086010112,1017.8708220907639,10.850650327998125,high
55.174335060957944,-0.43404091827737434,0.8746684082061618,897.5062331704013,14.62301982727236,low
108.6005661474195,0.36511958686499946,0.7919775535969097,819.8677649805686,13.628448274162432,high
108.54430994107416,0.28545062936012,0.9152848408397226,1312.9897550445799,18.186949629123134,high
114.8174658408286,0.3052560982826107,0.8114729680675257,736.699588494312,16.846916368448035,high
100.27850011012256,0.2162578325116058,0.7679878775433131,1160.1781592543714,19.825687092938303,low
104.49457463654865,0.9182036761390697,0.8980649188698866,945.3558292605122,14.236633918683317,high
118.61028011785578,0.01668832539078169,0.8819949505962922,845.7776694087953,14.172420889494122,high
135.48591117393988,0.4646382310307029,0.8893518489872947,1193.0042932582696,10.050336889451458,high
109.34506330001665,0.4108986624691553,0.5712892209310103,922.5336246057569,15.304059589981994,low
105.66228750711993,-0.5274648454433393,0.7779469896651818,825.8931175219298,9.375532279827642,low
123.23239133890603,-0.43338832162634877,0.5519387069604935,1194.8605432455083,6.118177902473686,low
52.76794259366864,-0.15196580368606427,0.8676327956819113,1162.315563442973,18.10529356899102,low
136.69622945292602,-0.44460413907358154,0.8019868254614608,1150.490830288469,7.003273621469314,low
119.98029160069645,-0.2665138021400806,0.8745449563993459,100.0,13.755407158382393,high
121.38927343091467,-0.2180787721433881,0.5500642145606014,960.0441564346027,8.47867450866655,low
153.62570076580624,0.2077291218766879,0.7018520642711316,903.0292982674924,16.506670491167334,high
51.651456448311315,-0.5602199145298767,0.7655443215242531,841.2841864786285,17.051799943082784,low
50.91581455493627,0.6085837317533747,0.9173823446181761,1002.4449084931696,14.116711229692744,low
129.58313458632318,-0.1249272864569908,0.919658116806672,915.1392181261319,16.985458837904797,high
119.75091007050194,0.4124882233664937,0.7577206677853635,1019.4518543317954,12.029348303324491,high
125.95619301171763,-0.8371150375183642,0.9450790406957084,783.0095480612518,20.9366987233042,high
103.82555236896441,-0.06006921175126623,0.9287148962928969,1224.5451575441232,14.984660933971629,low
143.2523785983976,-0.9435609356453434,0.8897186369881671,1044.7360479432066,8.397793761505227,low
152.6423595046892,0.35181998363112954,0.8266924063761556,985.6316476287101,12.278426834976555,high
136.93938028830345,-0.31257984600586086,0.8778456792031456,973.4263084267159,11.389991895139728,low
110.87100395583958,0.8985056282116572,0.5079075119853153,1139.320326873391,10.998303766249357,low
46.2308714334959,-0.35175157079716124,0.9352438649790368,1105.4219467338723,5.371443088403172,low
146.92326728129947,0.1276117960354537,0.6983215330199547,821.8069866134281,13.54745817777384,high
162.76050331761576,-0.48522484861077064,0.9760053956961368,1097.577595205824,6.45698808423779,high
142.5595444194393,0.24022525789468063,0.7500146439618963,893.5130600105111,1.898370877910466,high
89.21251504213727,-0.06591529973353083,0.6797273352728673,1329.231697875082,10.623945435506783,low
143.58280377837153,-0.25874347698873423,0.8121796108195825,1124.4319527617413,8.97642538643105,high
150.1185397786506,-0.5926213018396402,0.7941367259719454,693.5976703595767,8.553851949457787,high
174.558568672968,-0.7769573120570894,0.7679425304505005,1432.6776723625665,1.0,low
89.33615265202148,-0.7602417320866535,0.9418818269357195,324.4900410025427,8.596628496187806,low
112.07408954095516,0.9980800350111063,0.5510127254363445,1009.3386851672606,11.30543253930919,high
146.15452179002094,-0.17537854628553062,0.45170806281659015,675.9381676386786,9.463384239615625,low
122.00935250033552,-0.9961405842533211,0.6195261026012912,1320.545073418255,13.549374705013326,low
80.89353392820539,0.9058575812520286,0.8477210897045994,913.2015163238217,17.57064259390225,high
134.5115699759346,-0.9600401515403747,0.5169406064268782,651.5511337282197,14.065469761020701,low
140.25315718353085,-0.16282774889093266,0.8485968720224968,783.3763219451042,16.10557717640794,high
123.07870137158507,0.43495517194131184,0.635918564380583,671.5171353336021,16.436506758593794,high
127.68547245129804,0.8291984887435233,0.4672090963030407,773.5557553574803,7.924556931733149,high
110.94529344099945,0.42577258286420205,0.9935493956853162,767.8380960276238,13.75645877074478,high
171.73976275006208,-0.07274849019997642,0.8461768526966127,662.2110328247363,15.980629413461864,high
88.47577357005632,0.9488840779682068,0.7453454933002309,917.515952895656,10.256158087806083,high
99.44377330326773,-0.9213612339334591,0.7707274086705882,947.8060408516831,8.837493399878834,low
120.3844929734634,0.973784405076016,0.22509503932279754,600.9234021810082,14.121625836865771,low
150.76339096953123,0.6987831034168779,0.32335337639211714,435.43280923900056,6.073484512849284,high
67.59193904669121,0.8578600342527183,0.8535052015536839,927.7391130373929,7.647981667734828,high
74.13961375820963,-0.4904551518049267,0.9101415214174917,982.9801377798834,9.332974609666266,low
48.67950222928488,-0.7150838554314605,0.9372525601611424,1032.5541904903084,13.802056852522833,low
121.14433288386448,0.32663055874540015,0.7909213035288304,987.7935953985319,12.875650086222658,low
80.85929639777096,0.03171887597223999,0.7190495299897988,1243.1791939342475,16.129483518208527,low
106.54074614937292,0.04633592148875887,0.8102860875444718,1099.2669717328158,8.312519782546325,low
143.1482366462098,0.8492383569664352,0.4331077952001461,1519.957049103894,8.098108114929968,low
97.54600477260037,0.24016181330652442,0.7356691332797703,1625.161799208236,14.095647874998658,low
128.09487079601777,-0.3778723297908202,0.9486334008153414,410.4743530888216,8.805332383571857,high
109.52317322868973,-0.19986688716424794,0.7666793539183191,300.7153421910386,9.585984338022316,high
143.5240010283753,-0.7330083298162975,0.7271812342678379,848.1521755383213,4.572940642993005,low
136.6294823571803,-0.6153719194486214,0.7770966391018529,976.0581074700805,13.16338400565435,high
95.78232063388865,-0.713299859580923,0.9822830034513231,831.0287477485695,18.165161887264674,low
114.09718863098416,0.620582682422709,0.6094250625171381,1025.89511151444,7.88284433479848,low
156.5310189202173,0.4097469359442376,0.7158864895520929,782.4394811504062,16.086814446880453,high
133.7681904588934,0.060690035221703686,0.7784741843003191,676.5123091464692,11.762405676040196,high
71.1063279787104,-0.2512643327448585,0.895903020078781,714.2772850372389,4.938341446359876,low
142.9466321409984,0.33698858064870096,0.62784642139542,799.957907733949,8.421092577487487,high
82.03862821473166,0.6258106953915219,0.6581801226693416,1060.8780860150373,8.174130668784912,low
169.43795744863522,0.762466431343418,0.7956082901024627,728.3148258335424,10.733888859437496,high
155.84345939443588,0.09403245641266711,0.9484702640357736,777.7578242708237,13.678057153786817,high
130.14599165714404,0.6397702436394017,0.9605168193843029,992.5542110110883,19.395691348965727,high
125.50314952026677,0.02261190682539005,0.8593766943660944,800.3009006137025,6.275416820326055,high
112.6838710390403,-0.050939821624218284,0.4635288025647385,1129.1776376613475,10.060890412320047,low
143.74833829900098,0.7308637112442005,0.568863927590651,620.1234419412347,8.416076588357154,high
107.02276406882784,-0.22725212747067203,0.8726260756533762,565.9090608836283,6.92808215404281,high
128.2449454723963,-0.20817464191859547,0.937890726788553,926.1572585045857,12.381790746438263,high
150.5177028281808,-0.3901773094301677,0.7040747940671056,951.0721155661992,12.00591996474739,low
100.33677097660436,0.037403456589233386,0.6682894704819904,633.7601264791468,4.744790611668525,low
98.43325410032568,0.08970006737892144,0.8926740282322304,1185.8988503318565,12.07260211178186,low
78.19720817464393,0.32092229062091393,0.4702126520670198,1331.2342024425566,7.178416028355444,low
82.74345388558397,-0.13899537978085896,0.20376439444032202,693.0364467898211,12.047310876539903,low
56.00616409954742,-0.5643254162328013,0.4548604285913739,1221.8251681827976,17.07798597282436,low
145.54400761554353,0.7336841248277517,0.5760579427642869,254.4669569998194,13.852271844303756,high
183.312008972897,-0.30799826552397125,0.5960202944706016,1119.0280666795063,12.71006837762836,high
169.8865130214607,0.8458868396803494,0.45643471983664324,635.5593072178956,9.884936970386452,high
63.08704289807192,-0.5852933339470885,0.8013206940267226,1094.0181704930349,12.267470603379097,low
145.369913504467,0.12011495247246096,0.7352784857369579,609.6810035108336,14.25301688898993,high
169.77372224732449,0.0732301870589045,0.7234392564921238,832.8781163433011,13.856665371233639,high
104.01165067414676,0.6572956958539906,0.6111176498458922,647.4711008645401,11.603124944745824,high
123.55066007275173,-0.7222972264983405,0.7045633105273322,796.5298255544798,12.869505295755662,low
49.723743221836536,0.8198743458349227,0.4451328794560509,1307.481007232611,6.73375271983168,low
129.33576587918245,0.06285634434414034,0.7807948255879168,823.0155508516484,9.062652900889049,low
82.77540946978489,0.1722187678287328,0.8074394322399635,1377.575405981459,14.830239010183943,low
126.98722562690301,0.020332586595534163,0.8362124774012157,753.5468597267909,15.36813180549683,high
65.35789772338919,-0.9279501863274671,0.6692173532964258,1222.9411759517004,12.374394363357448,low
139.00003785671586,-0.005818676386803778,0.9072921515013934,443.57684837179926,17.915862937460606,high
155.85794363993415,-0.4729006746460189,0.8327667196459879,778.3727361554522,14.032077665845467,high
92.58870483996914,-0.3146236392443371,0.8534440391339118,715.9725036686606,11.067489928547742,low
80.2077096506348,0.2982031983742799,0.772923335764149,1234.4264001992856,7.12098898783777,low
44.539193510750664,-0.004605741051788126,0.6532794301917227,896.3121965090186,17.75493300011566,low
110.6755263073688,-0.8135635746650791,0.8769919905132685,327.9792075881262,15.081269828618309,low
99.64421230014382,-0.8539174504764822,0.5776597626631882,522.4675863191094,19.193245691722073,low
65.71432056781808,-0.6286846087652593,0.6249829111393337,596.8344376551498,20.667389822015664,low
135.85565647092602,-0.6182297068555527,0.368207652532294,1083.5125735280421,6.852238772868957,low
104.25103663473728,0.21660151394272975,0.7653879948018498,1051.2518709140688,6.8626650234912585,low
82.34924144741686,-0.6443710719089144,0.8707168059962062,774.9001417597201,1.0,low
100.58996580258436,0.7634388465495412,0.8689411089562991,712.8725515956068,15.673448548119024,high
157.49565886253654,-0.5804786787731737,0.48352823324969624,1029.0970602125133,14.625930749950395,low
141.10279303143278,-0.8177371091472347,0.7939508658642384,567.6192268920098,12.391116000503386,high
115.44908784755286,0.7514920327192938,0.9234841881039353,964.4172444875882,7.095467075826396,high
141.66867564626983,-0.409344847846534,0.7683894408252727,943.1294992175582,11.643865243500914,high
79.36808152646414,-0.1491547403325284,0.7373064424667684,781.3526017333088,12.738821980030822,low
121.13295352544607,0.9180527680248847,0.8667588200455644,949.4194912614289,15.13090266751668,high
125.15628156702647,0.8887384383155477,0.6977313548209884,875.5235882686711,13.091947657861144,high
103.55572220254456,0.4298337785298356,0.5265039845445869,974.354873689135,14.655205179964666,low
135.24104175850962,-0.8621220965348906,0.8806525462784186,516.4744228799766,11.503476520343806,low
92.6848290874442,0.18668025082279494,0.8585153257752928,1003.6254951321754,16.725927575701007,low
137.84372477216414,0.9781558700845157,0.8337972213876385,1106.650332375568,14.526920309773768,high
139.31505700359523,0.893832456847961,0.6030175097118234,930.2378551411113,7.252267717196703,high
20.0,-0.7879950149601143,0.8310366745236822,1000.303962747875,17.556881470624965,low
161.6606996228541,-0.2080653938192627,0.782197723638722,822.5201706475593,16.902286090860546,high
20.0,-0.3689265081943214,0.826355972210563,1072.8331415657608,13.861898948211767,low
98.43828410553562,-0.7405437861901889,0.6122319556867714,866.3117819949637,13.12287081994986,low
155.88718119902143,0.3895966224975218,0.7032907236478917,563.0146793863474,18.6344462755133,high
108.89496461616457,-0.4523032712795265,0.7562535549946527,1055.054038720815,5.466748534911703,low
68.68349061356604,-0.3102683937494044,0.9240414638811848,441.4634381230569,16.964898096238603,low
81.71920283991653,-0.8192822465971641,0.9476949644931372,920.6949360720957,10.095173205702597,low
155.94170112122168,-0.004064882442668782,0.6739006567574304,753.9442874882552,16.380709785641542,high
52.74734143079766,-0.683664272695887,0.9654533247923569,737.968562573822,12.481503388676172,low
159.5146885336706,-0.13581915284102175,0.4701448750995105,892.9971874815514,7.028295906367047,low
118.07142653351987,-0.713315555793397,0.2527833255364724,672.6779522955014,10.013920759857236,low
78.26616343451482,0.9076997799002915,0.6669663760067416,978.051503531958,16.08691629266386,high
99.59097246940581,-0.7100349336057148,0.8570943673561545,864.1991581555005,11.159168474720508,low
84.39714806144255,0.043774307701266446,0.7303739525794422,695.6765121469505,9.51405834112758,low
150.3178820300485,-0.606040349362025,0.9034945489689061,1184.5448925115797,9.487311768819918,high
145.63497334169935,-0.8472763930547815,0.35177881124390226,901.1956525748745,14.568989688935162,low
59.829360314338366,-0.5953827623158037,0.7453169578917992,1007.7002333561203,19.002540120559853,low
105.87427585182331,-0.8904517852191278,0.5770334966961504,1204.1471823736053,3.436466517454873,low
89.7885018179503,-0.7212052337580224,0.861004152575064,1200.0446339485932,23.20273778937315,low
165.27284889607796,-0.013031684473566063,0.70989069601725,994.9463634640471,12.814984915904526,high
72.74653086557527,0.30363104211514846,0.8129847976201134,774.3354497475489,14.320896541195308,low
176.14801866397548,-0.8253203698564331,0.8244092538937384,492.57405311569715,10.254953011410375,high
118.83468411690718,-0.11796275219146302,0.6783990457682362,901.6726751199365,11.985939500572693,low
79.33229577669694,0.1624940457067039,0.5347479226757407,1123.6460789543464,12.77005204852443,low
96.29540355967528,-0.531548647577877,0.6544684238399188,938.5787048483213,7.803616030651859,low
91.94334057310422,-0.2558431769679492,0.46592429937860436,100.0,8.777274246969881,low
75.38835592945729,-0.8563302605327827,0.9479874155433595,1067.5155387066168,16.738270163565012,low
123.31894009056315,-0.5597378395338102,0.7319821910389972,1082.8747886939354,5.790612618563115,low
77.02295572578548,-0.06649414816211996,0.5524576718044328,774.6944515684216,13.764156413254161,low
43.6871826941634,0.9808843578506445,0.3927480187623036,1097.0904188133807,10.517932362523261,low
106.71132352031394,0.9925301258782668,0.8156679318270099,1006.9913535983441,8.157171402097699,high
56.90003312537411,0.9592433622485759,0.6468605705063087,678.6233019294926,19.887727407877602,low
93.67436961763678,-0.15382722739934485,0.864010779510931,1167.8252790544211,8.181989754954248,low
88.18139889888255,-0.83863924317067,0.5619030667146936,533.1307692234716,7.479592001062114,low
89.50743747909651,-0.35285312550133296,0.6420405873629487,835.6888322402662,11.252109185917856,low
190.03370855565538,-0.5245712492580454,0.7250032146972959,810.7494218069787,8.925765463591596,high
121.97440485093497,-0.9717468501802908,0.7651289327617178,643.6404619528048,12.025522627978194,low
128.58798531483663,-0.8095327794232492,0.8688201122090252,925.9484669122413,12.62159718660556,low
57.826059628019685,-0.09361612990186785,0.890564565889003,1177.5922248932645,12.938632262539706,low
97.11129032270773,-0.320675072391406,0.899380825231651,1161.935467965347,11.504436611025747,low
127.53559204795292,-0.6392925567310339,0.8673456284092823,1030.916053685479,9.1913531876311,low
84.14148804804478,0.4321999413174942,0.7990352161048163,426.0193732799261,14.573612170717322,high
151.7821995231295,-0.28576880820676287,0.8770161118929203,516.0119247807202,11.553228933983423,high
77.90561949346394,0.7037357114930887,0.6357887116752386,891.5422799396921,10.017530751780086,low
109.97718524471885,-0.5180456794737653,0.9619009935101162,841.4412397291147,17.91997479639009,low
99.48819260085544,0.07678698017324948,0.7086097768644468,725.4800431254212,11.514752158434195,low
125.75122307836706,-0.6317215657016351,0.9167201551366202,1326.3307993637081,16.367946405986363,low
97.58284748506009,-0.009398767228316007,0.6258114803543949,876.4650382927853,16.90735378843756,high
110.51872305251719,-0.6950669820432276,0.8006666603417341,985.6031852977046,17.150691341703173,low
111.7354467877705,-0.6768427512569561,0.9009294308460829,1096.9734702371115,14.764631232444403,low
94.29642849130447,0.22444675408403136,0.7072230909852074,863.7396124181149,11.997466012496941,low
136.97828539739893,-0.47242791564846653,0.5553260936421361,1497.7655419780924,11.743833237395897,low
128.34359311930987,-0.6552655468715054,0.30988772281061444,614.9069243910741,11.023519526066845,low
116.89851191613914,0.8595365002701463,0.5000830745665065,698.4821025264695,3.3324173199474973,high
104.93395832883147,-0.9139934985198979,0.7976160529644021,614.2935704293733,14.875227222991448,low
147.87904106819988,0.13029622539177432,0.9384353172638796,1240.6645716068258,12.977862265540317,high
111.74580146650365,0.09652768366653053,0.549062364993203,1050.5214685546616,15.30209706483451,low
109.26559492609219,-0.4987822511938804,0.46675297028130436,713.9620218203519,11.531993794112145,low
123.66415104608441,-0.09445650977436437,0.6970771672752573,634.0309062613048,14.659300647814101,high
179.38053390397977,-0.8245244338347291,0.5825948751207641,1196.2226251506509,6.489971748554223,low
73.08753271925787,0.4425402918477712,0.4919605586113489,940.4219288347149,7.32293756295372,low
146.9449912569374,-0.5566057032463536,0.5654395147937215,1202.6044921540845,2.0951536011144736,low
53.73900935666632,-0.6132292803468882,0.9115788052872729,834.9626623046108,11.462603216673495,low
127.60456053800183,-0.3702430434449939,0.5033842300038893,977.8838306083999,8.9098976488856,low
175.12789896630557,0.804739840526284,0.9431794619180077,925.0569138110008,8.38647249931832,high
137.10339835635574,0.5929332965670853,0.6607791648920527,693.9721664064828,13.33860951186123,high
125.97187774889275,0.8937845822675152,0.7837214386438657,813.9639602977477,10.297971223209487,high
100.38426859189235,0.3039246920661709,0.5430807057523989,553.9241639254138,6.2676359727853495,low
121.0866520170994,0.32584302206417526,0.8414631924353295,973.5267059318109,22.179067091008392,high
111.17780146088253,-0.03993800114756607,0.5387937496889502,1040.312186586715,11.851957518047696,low
92.49081872240257,0.8103726467339509,0.802263367272971,1097.54030002633,7.667347788257215,low
109.85435345837955,0.021754298540658024,0.7939417410476193,1016.6362232927514,9.3206581562678,low
126.94334062192539,-0.2898798584099507,0.9041402100016466,817.9474658742438,11.307428123963184,high
93.14740260142759,0.2807500198353303,0.5088952122396759,1237.9926612692464,11.299016150971196,low
91.78013627603606,0.09227898680192692,0.5211576842294822,1073.0771219323863,17.208657092183504,low
72.3914796842739,-0.751960369380209,0.7786197609868332,1197.1365754142762,11.68228016947117,low
133.67537591311137,-0.2145491721751409,0.9244800080560212,1212.8216761175877,19.42083268747301,low
139.0863141688471,-0.37334917781104004,0.42414399527525287,818.6000861732773,10.270308223951577,low
128.1081155482781,0.6936675500222635,0.8193041460731544,946.9698642233093,13.705744161039568,high
153.7809672455033,-0.24231488605378249,0.7017995252979493,1043.6412958743695,16.08792077731132,high
123.07536729782547,0.6431104652777853,0.7432046448988188,562.7145531163937,16.780609218846713,high
133.72038280780149,-0.11522081219810887,0.5837702611625946,568.2567069053001,17.24748886971525,high
130.6343098973147,0.50700112689122,0.836827625512838,525.1720885012307,10.911953036479462,high
116.79609932036273,-0.7294361429776202,0.6589130381377799,822.9749778700275,11.978042958900323,low
101.42123601546234,0.8493004393169248,0.5424164850945078,766.6707351971005,2.082309733745298,low
197.4953415527169,-0.03888021840216349,0.5130602218366228,491.0823429261904,11.215959845597757,high
